target,context,layer,restoration_ratio,mse_before,mse_after,gamma_abs_mean,beta_abs_mean,negative_scale_fraction,cap_fraction,gamma_abs_max_max,beta_abs_max_max,cap_fraction_max,clients_cap_gt10pct
brightness_dark,correct_pair,1,0.3470761984868977,0.1233257748764424,0.043158273357363726,1.4184317243099214,0.24097518414258956,0.0,0.0571875,7.0,1.757897973060608,0.0625,0
brightness_dark,correct_pair,2,0.8812096252454278,0.05931952675265218,0.05221693142159275,0.2534431195259094,0.12627424813807012,0.0115625,0.0,1.2982451915740967,1.7316572666168213,0.0,0
brightness_dark,low_semantic_derangement,1,0.5467172175971825,0.1838085965065219,0.10058024940021364,1.0003586310148238,0.2515502502024174,0.3521875,0.0,3.467134475708008,1.0652546882629395,0.0,0
brightness_dark,low_semantic_derangement,2,0.8528645875228491,0.19724515227196612,0.16811270330542943,1.6250136810541154,0.9812740394473076,0.2171875,0.01375,9.0,15.450899124145508,0.15625,1
brightness_dark,high_semantic_derangement,1,0.5490182474577072,0.18301953672815618,0.10055617556073543,0.983431846499443,0.24664033815264702,0.2584375,0.0,5.772251129150391,0.9396558403968811,0.0,0
brightness_dark,high_semantic_derangement,2,0.8533207041173944,0.19687792911994706,0.16789615685967313,1.5188075637817382,0.9118205571174621,0.1871875,0.0103125,9.0,16.15352439880371,0.0625,0
brightness_dark,random_derangement_0,1,0.5482545936548926,0.1833026249138897,0.10057800915177091,0.9845728528499603,0.2481805357336998,0.3034375,0.0,3.7148916721343994,0.9414175152778625,0.0,0
brightness_dark,random_derangement_0,2,0.8535538608531016,0.19714540163234312,0.16817469912137561,1.5597513437271118,0.9452050256729126,0.210625,0.01125,9.0,17.266563415527344,0.09375,0
brightness_dark,random_derangement_1,1,0.5492170386206885,0.1829794066998887,0.10054911763836342,0.975571249127388,0.245824244171381,0.269375,0.0,6.132983684539795,0.9396558403968811,0.0,0
brightness_dark,random_derangement_1,2,0.8536785812308636,0.19689910134611768,0.16799430508731145,1.5384450268745422,0.9335796386003494,0.195,0.01296875,9.0,17.249284744262695,0.109375,2
brightness_dark,random_derangement_2,1,0.5475831474137618,0.1835241387292291,0.10057609384360867,0.9884300357103348,0.2499646718800068,0.3078125,0.0,4.871858596801758,1.0793293714523315,0.0,0
brightness_dark,random_derangement_2,2,0.8529500853276604,0.19713207232892097,0.16804625870617337,1.5932587081193923,0.970154593884945,0.21234375,0.0140625,9.0,17.269298553466797,0.125,1
brightness_dark,random_derangement_3,1,0.5476797906551708,0.1834524186668223,0.10056523035957088,0.9818448030948639,0.24942067101597787,0.30125,0.0,4.721117973327637,1.0726981163024902,0.0,0
brightness_dark,random_derangement_3,2,0.8530270289527608,0.19702911666359182,0.1679791443105838,1.575887810587883,0.9454599303007126,0.19515625,0.01109375,9.0,15.452376365661621,0.09375,0
brightness_dark,random_derangement_4,1,0.5483614460982698,0.18331177663837925,0.10056238912089473,0.9871679610013961,0.24769269675016403,0.289375,0.0,4.959014892578125,0.9396558403968811,0.0,0
brightness_dark,random_derangement_4,2,0.8536516500017457,0.1970519946298931,0.1680934740638444,1.5258865767717362,0.9117542505264282,0.2046875,0.01203125,9.0,17.237892150878906,0.109375,1
brightness_dark,random_derangement_5,1,0.5475563901173881,0.18350609272029783,0.1005708511963946,0.9880094265937805,0.24979505121707915,0.3065625,0.0,4.410494327545166,1.0819672346115112,0.0,0
brightness_dark,random_derangement_5,2,0.8530031650559677,0.19713132245953932,0.16803618579415885,1.5258834171295166,0.9294740030169487,0.20578125,0.01109375,9.0,17.270145416259766,0.09375,0
brightness_dark,random_derangement_6,1,0.5476929462687816,0.18352900587789642,0.10058786408162719,0.9847301471233368,0.24955744698643684,0.296875,0.0,3.8978919982910156,0.955171525478363,0.0,0
brightness_dark,random_derangement_6,2,0.8529621698608335,0.1971655847062437,0.16807660202758773,1.5959577041864395,0.9789953354001045,0.20578125,0.015,9.0,16.825899124145508,0.171875,1
brightness_dark,random_derangement_7,1,0.5487903495777114,0.1830338917917471,0.10052898387461774,0.9837811970710755,0.24661378160119057,0.28375,0.0,3.1345903873443604,1.0504626035690308,0.0,0
brightness_dark,random_derangement_7,2,0.8540420400311907,0.19680327659422986,0.16798149137551377,1.4682604151964187,0.894418120086193,0.20984375,0.0096875,9.0,15.974671363830566,0.078125,0
contrast_low,correct_pair,1,0.522142625921633,0.04940727758804883,0.025375765282914842,0.8891460585594178,0.04744728598743677,0.0,0.0,3.4868922233581543,0.2338014841079712,0.0,0
contrast_low,correct_pair,2,0.8572748800890444,0.051810660082446044,0.04433719738771126,0.1692041726410389,0.09241886548697949,0.0034375,0.0,1.1928582191467285,0.6348704695701599,0.0,0
contrast_low,low_semantic_derangement,1,0.6858939301053293,0.14629870739062592,0.10031667624837505,0.9870144003629684,0.2557710465788841,0.45125,0.0,1.4465739727020264,0.9029845595359802,0.0,0
contrast_low,low_semantic_derangement,2,0.8519805405509238,0.19697365514576196,0.1676962566695909,1.1442600840330124,0.6355366817116738,0.1675,0.0021875,9.0,11.910426139831543,0.046875,0
contrast_low,high_semantic_derangement,1,0.6951654354398785,0.14418782100381805,0.10019875201850047,0.9618931174278259,0.25225368291139605,0.363125,0.0,1.3340153694152832,0.8576291799545288,0.0,0
contrast_low,high_semantic_derangement,2,0.8522823424423658,0.1965188093402034,0.16734355890534702,1.060644444823265,0.5990673004090786,0.143125,0.00171875,8.218730926513672,10.33729076385498,0.03125,0
contrast_low,random_derangement_0,1,0.6921490199524254,0.1449670053762836,0.10037772519690667,0.9716408854722977,0.2534242253005505,0.38,0.0,1.245842695236206,1.0291175842285156,0.0,0
contrast_low,random_derangement_0,2,0.852363565462585,0.19709840289089603,0.16787439023440925,1.1002525144815445,0.6125436109304429,0.1621875,0.00234375,9.0,11.049755096435547,0.03125,0
contrast_low,random_derangement_1,1,0.6939930040979686,0.14468228538782824,0.10032804746169914,0.9683436954021454,0.2527108071744442,0.3771875,0.0,1.3034175634384155,0.9976434707641602,0.0,0
contrast_low,random_derangement_1,2,0.852034495287605,0.19696304331682526,0.16771433070132855,1.1510917875170708,0.6457640355825425,0.17125,0.00296875,9.0,11.30797004699707,0.046875,0
contrast_low,random_derangement_2,1,0.6883007337407178,0.1457900494202961,0.10032123465898507,0.9801612120866775,0.25499392941594123,0.4140625,0.0,1.318235158920288,0.8555938601493835,0.0,0
contrast_low,random_derangement_2,2,0.8519768702902835,0.19691406044381346,0.16763469758906052,1.1564172637462615,0.6549888908863067,0.16796875,0.0034375,9.0,20.261919021606445,0.09375,0
contrast_low,random_derangement_3,1,0.6913989354321269,0.14509211665154842,0.10027588248125877,0.9747770190238952,0.25445844620466235,0.426875,0.0,1.3340153694152832,0.9191962480545044,0.0,0
contrast_low,random_derangement_3,2,0.8519568977017056,0.1967880079971288,0.16752683318821152,1.0992659094929695,0.6106411798298359,0.1628125,0.00171875,9.0,13.879502296447754,0.046875,0
contrast_low,random_derangement_4,1,0.692703911808265,0.14504719822767384,0.10030952985086213,0.975088220834732,0.25344863161444664,0.39,0.0,1.2963190078735352,0.8420959711074829,0.0,0
contrast_low,random_derangement_4,2,0.8522104899778022,0.19689863525971757,0.16766308901916463,1.0833766809105874,0.6056285881996155,0.16046875,0.0028125,9.0,9.13792896270752,0.0625,0
contrast_low,random_derangement_5,1,0.690418436312376,0.14537141669476028,0.10031942142687227,0.9771027946472168,0.25435889691114427,0.41875,0.0,1.3493884801864624,0.9081634283065796,0.0,0
contrast_low,random_derangement_5,2,0.8511850204091482,0.1970150390042155,0.1675500926980064,1.1907991775870324,0.6742435412108898,0.1725,0.0028125,8.577057838439941,11.163982391357422,0.046875,0
contrast_low,random_derangement_6,1,0.6904753704863786,0.14551156805098217,0.10037056241069323,0.9746065920591355,0.25446462526917457,0.408125,0.0,1.2681100368499756,0.9545373320579529,0.0,0
contrast_low,random_derangement_6,2,0.8519216479739997,0.19713953002995613,0.16782738961418095,1.1904527905583382,0.6719015046954155,0.173125,0.0034375,9.0,12.782434463500977,0.078125,0
contrast_low,random_derangement_7,1,0.6933390727184822,0.14459143401390967,0.10024512801494655,0.9685656750202178,0.2528467997908592,0.370625,0.0,1.4775536060333252,0.9248236417770386,0.0,0
contrast_low,random_derangement_7,2,0.8529513605536095,0.19666967003031094,0.16763895006998691,1.022330523133278,0.5686855845153331,0.17421875,0.00078125,8.361481666564941,11.285067558288574,0.015625,0
gaussian_noise,correct_pair,1,0.5638881781666469,0.023556953702715808,0.013246882122442166,0.23577795088291167,0.018219580100849272,0.0,0.0,0.6889671087265015,0.07098618149757385,0.0,0
gaussian_noise,correct_pair,2,0.8192566598460487,0.011959061221674134,0.00978039721968756,0.121457801759243,0.06831897139549255,0.0034375,0.0,1.0007048845291138,0.46428704261779785,0.0,0
gaussian_noise,low_semantic_derangement,1,0.46382448417378724,0.2157258730955052,0.1003282411887107,0.9888041198253632,0.25278096958994867,0.3928125,0.0,1.2005255222320557,0.8600070476531982,0.0,0
gaussian_noise,low_semantic_derangement,2,0.8559629762564106,0.19636620269740757,0.1680065644476334,1.2424835094809532,0.7205513696372509,0.17421875,0.00375,8.97856330871582,11.718932151794434,0.078125,0
gaussian_noise,high_semantic_derangement,1,0.4705324482514212,0.21243968963388501,0.10025718453845474,0.9786393928527832,0.24909317567944528,0.273125,0.0,1.1202150583267212,0.79842209815979,0.0,0
gaussian_noise,high_semantic_derangement,2,0.8569356182496842,0.19588764960493268,0.16777783747309374,1.1011325532197953,0.6369972226023674,0.1546875,0.00140625,8.205326080322266,10.918675422668457,0.03125,0
gaussian_noise,random_derangement_0,1,0.4680048071474662,0.21372142471540356,0.10033570650822243,0.9827891761064529,0.2504823227226734,0.3203125,0.0,1.130136489868164,0.9354168772697449,0.0,0
gaussian_noise,random_derangement_0,2,0.8565338415909325,0.19631417301488946,0.1680816051623574,1.1792460930347444,0.6831420618295669,0.1825,0.004375,7.890514850616455,17.274351119995117,0.078125,0
gaussian_noise,random_derangement_1,1,0.4701022705338553,0.21276043375861106,0.10027360046687014,0.9796371591091156,0.2492694625258446,0.2903125,0.0,1.119465947151184,0.913786768913269,0.0,0
gaussian_noise,random_derangement_1,2,0.8566643691931692,0.1960352912116586,0.16786717234542414,1.1993857404589654,0.6999153871834278,0.17015625,0.00515625,7.645155906677246,11.269791603088379,0.140625,2
gaussian_noise,random_derangement_2,1,0.4660782809551218,0.21458312394691764,0.1003038521459658,0.9855697917938232,0.25153495207428933,0.34125,0.0,1.1920759677886963,0.8475595116615295,0.0,0
gaussian_noise,random_derangement_2,2,0.856392253382904,0.19616722815583262,0.1679255138472646,1.2155645859241486,0.7121250531077385,0.17875,0.0053125,9.0,11.51882266998291,0.09375,0
gaussian_noise,random_derangement_3,1,0.46757738510658453,0.2138673699067953,0.10029841885022597,0.9839803349971771,0.2510182152688503,0.3415625,0.0,1.1433022022247314,0.8515632748603821,0.0,0
gaussian_noise,random_derangement_3,2,0.8563636051721644,0.19614409438731836,0.16789413819113883,1.1812143957614898,0.6834641383588314,0.169375,0.00390625,9.0,14.551712989807129,0.140625,1
gaussian_noise,random_derangement_4,1,0.4681933391216482,0.2137833803484306,0.10030342555184733,0.9830668210983277,0.2505175715684891,0.3146875,0.0,1.1620991230010986,0.8291358351707458,0.0,0
gaussian_noise,random_derangement_4,2,0.8568033097905089,0.19616054825408327,0.16797742808969182,1.1558970659971237,0.6651274397969246,0.17609375,0.0034375,9.0,12.998552322387695,0.09375,0
gaussian_noise,random_derangement_5,1,0.4671665446302243,0.21409314965054968,0.10031420411947377,0.9839192110300065,0.2510314691066742,0.3303125,0.0,1.1634612083435059,0.8693715333938599,0.0,0
gaussian_noise,random_derangement_5,2,0.8560266573305744,0.1962344197751959,0.16788797162488833,1.1895196622610091,0.6957209256291389,0.18,0.00328125,9.0,14.568904876708984,0.078125,0
gaussian_noise,random_derangement_6,1,0.4673935895915775,0.21414370803724325,0.10034745427601799,0.9836193877458572,0.2510878621041775,0.326875,0.0,1.150486707687378,0.8926509022712708,0.0,0
gaussian_noise,random_derangement_6,2,0.8560818586325789,0.19634809264711303,0.16802320755361128,1.2305650013685225,0.7240863527357578,0.183125,0.005,8.3701171875,10.864270210266113,0.046875,0
gaussian_noise,random_derangement_7,1,0.4686458363474683,0.21331813726820964,0.10022857193574769,0.9813834071159363,0.24994745418429376,0.3009375,0.0,1.2057026624679565,0.8699800968170166,0.0,0
gaussian_noise,random_derangement_7,2,0.8576915394442852,0.19580170193967103,0.1678676544095222,1.0224865412712096,0.5933158433437348,0.1684375,0.0015625,8.302825927734375,9.801162719726562,0.03125,0
gaussian_blur,correct_pair,1,0.6393483634479855,0.012844021861436416,0.008183034288942076,0.22694406151771546,0.02275198608636856,0.0,0.0,1.2409453392028809,0.06145057454705238,0.0,0
gaussian_blur,correct_pair,2,0.8851298555419292,0.009659977169693251,0.008548876023316089,0.0577516221627593,0.036124775744974615,0.00140625,0.0,1.002272129058838,0.1926574558019638,0.0,0
gaussian_blur,low_semantic_derangement,1,0.5747304920972267,0.17438548666888887,0.10026430752752295,0.9817460608482361,0.2530911660194397,0.38875,0.0,1.21821129322052,0.8559032082557678,0.0,0
gaussian_blur,low_semantic_derangement,2,0.8550374411104922,0.1964246586190719,0.16787621145027573,1.1242734611034393,0.6438247080147267,0.1690625,0.00234375,9.0,12.673134803771973,0.03125,0
gaussian_blur,high_semantic_derangement,1,0.5844759522073528,0.17128050548040036,0.10017424419255173,0.9643770682811738,0.24958608523011208,0.2821875,0.0,1.1945959329605103,0.7966569066047668,0.0,0
gaussian_blur,high_semantic_derangement,2,0.8559925454157492,0.19587559104710067,0.16758300739565754,0.98133037596941,0.5582734009623528,0.1446875,0.00125,7.0,9.726508140563965,0.046875,0
gaussian_blur,random_derangement_0,1,0.581259495608441,0.17235183554626154,0.10026576737465956,0.9706296247243881,0.250667918920517,0.3178125,0.0,1.1390740871429443,0.9355818629264832,0.0,0
gaussian_blur,random_derangement_0,2,0.8557600784302669,0.19632445956277766,0.16793547003791215,1.0614382043480872,0.6041121545433998,0.16796875,0.00234375,7.668972492218018,12.180032730102539,0.046875,0
gaussian_blur,random_derangement_1,1,0.5840028118225441,0.17158101748198892,0.10020143417738456,0.9666237586736679,0.24969150066375734,0.3009375,0.0,1.1955283880233765,0.9073781371116638,0.0,0
gaussian_blur,random_derangement_1,2,0.8557045170451221,0.19606735100322048,0.16770900998059626,1.0879784294962882,0.6329468296468258,0.17,0.0021875,8.566902160644531,12.009855270385742,0.046875,0
gaussian_blur,random_derangement_2,1,0.5780556058706933,0.17329959994334942,0.1002457443777849,0.9764929163455963,0.25191857650876043,0.360625,0.0,1.269799828529358,0.8499085307121277,0.0,0
gaussian_blur,random_derangement_2,2,0.855409937552154,0.19623286184562122,0.16778734022221833,1.1135808843374253,0.6388140273094177,0.17203125,0.00265625,9.0,13.598374366760254,0.046875,0
gaussian_blur,random_derangement_3,1,0.5802210824474361,0.17263038788834684,0.10022697648676444,0.9735979866981507,0.2514545783400536,0.3484375,0.0,1.1743708848953247,0.8508118987083435,0.0,0
gaussian_blur,random_derangement_3,2,0.8555018566763413,0.19615117051465572,0.1677339344972636,1.0515712729096414,0.5995882211625576,0.15953125,0.0021875,9.0,14.517579078674316,0.09375,0
gaussian_blur,random_derangement_4,1,0.5814213021964596,0.17253490756523393,0.10023988384271336,0.9729778200387955,0.25089858055114744,0.3265625,0.0,1.185896873474121,0.8276112675666809,0.0,0
gaussian_blur,random_derangement_4,2,0.8558472244967759,0.1962285801028113,0.16784707549479666,1.048129278421402,0.591660286039114,0.1684375,0.00234375,8.237726211547852,9.66316032409668,0.078125,0
gaussian_blur,random_derangement_5,1,0.5796188793578329,0.17287642973623815,0.10024441417657805,0.9733843111991882,0.25142441019415857,0.336875,0.0,1.231711983680725,0.8646479249000549,0.0,0
gaussian_blur,random_derangement_5,2,0.8550716559166546,0.1962659776735399,0.1677268549627059,1.0727694922685622,0.6147786079347134,0.169375,0.00171875,9.0,10.926867485046387,0.03125,0
gaussian_blur,random_derangement_6,1,0.5800619549469306,0.1728869612970853,0.10027543793315856,0.9725437891483307,0.25146981194615364,0.3296875,0.0,1.183674931526184,0.88797926902771,0.0,0
gaussian_blur,random_derangement_6,2,0.8552570998411099,0.1963466800293039,0.16786191503036732,1.1168707871437074,0.649683136343956,0.17796875,0.00375,9.0,10.860382080078125,0.078125,0
gaussian_blur,random_derangement_7,1,0.5816811367120335,0.1721162725553913,0.1001483596644313,0.9694329911470413,0.25034681022167204,0.3171875,0.0,1.248340368270874,0.8778923153877258,0.0,0
gaussian_blur,random_derangement_7,2,0.8567799604190348,0.1958378803696123,0.1677191460916887,0.9441631799936294,0.5427862463891506,0.155625,0.00203125,9.0,11.624823570251465,0.078125,0
