block1,block2,bank,context,cases,agreements,agreement,mean_utility_abs_difference_max,mean_utility_abs_difference_p95,vote_difference_max,vote_difference_p95
H1,H2,ALL,ALL,8000,7906,0.98825,0.015380947164467989,0.00384006611626193,0.056640625,0.0185546875
H1,H2,ALL,clean,1600,1580,0.9875,0.008903158266648338,0.0033218259047631898,0.04736328125,0.01953125
H1,H2,ALL,brightness_dark,1600,1583,0.989375,0.015380947164467989,0.00480185025571699,0.03955078125,0.01611328125
H1,H2,ALL,contrast_low,1600,1580,0.9875,0.010281353920611275,0.003583662090034685,0.05419921875,0.01953125
H1,H2,ALL,gaussian_noise,1600,1585,0.990625,0.009766396147903755,0.003850507657318701,0.03857421875,0.0185546875
H1,H2,ALL,gaussian_blur,1600,1578,0.98625,0.008547760025855968,0.0034511127018256984,0.056640625,0.02001953125
H1,H2,A,ALL,4000,3949,0.98725,0.010281353920611275,0.003751602878729974,0.056640625,0.01806640625
H1,H2,A,clean,800,794,0.9925,0.008903158266648338,0.0033110631800344925,0.04736328125,0.0185546875
H1,H2,A,brightness_dark,800,787,0.98375,0.008481418930771867,0.004694125223731142,0.03955078125,0.015649414062499867
H1,H2,A,contrast_low,800,786,0.9825,0.010281353920611275,0.00346510274660566,0.05419921875,0.019067382812499867
H1,H2,A,gaussian_noise,800,794,0.9925,0.009766396147903755,0.0036576438851755907,0.03857421875,0.01806640625
H1,H2,A,gaussian_blur,800,788,0.985,0.008547760025855968,0.0035139875648433384,0.056640625,0.02001953125
H1,H2,B,ALL,4000,3957,0.98925,0.015380947164467989,0.003935326499213054,0.04345703125,0.01904296875
H1,H2,B,clean,800,786,0.9825,0.007361905665797254,0.0033396248087066713,0.04248046875,0.0205078125
H1,H2,B,brightness_dark,800,796,0.995,0.015380947164467989,0.004958615792949759,0.0361328125,0.01611328125
H1,H2,B,contrast_low,800,794,0.9925,0.008979654542518064,0.004014263176489913,0.03955078125,0.01953125
H1,H2,B,gaussian_noise,800,791,0.98875,0.0094773646368568,0.003980402467330081,0.0361328125,0.019067382812499867
H1,H2,B,gaussian_blur,800,790,0.9875,0.007597012244084776,0.003361000865598687,0.04345703125,0.02001953125
H1,ALL,ALL,ALL,8000,7940,0.9925,0.007690473582233994,0.001920033058130965,0.0283203125,0.00927734375
H1,ALL,ALL,clean,1600,1589,0.993125,0.004451579133324169,0.0016609129523815949,0.023681640625,0.009765625
H1,ALL,ALL,brightness_dark,1600,1592,0.995,0.007690473582233994,0.002400925127858495,0.019775390625,0.008056640625
H1,ALL,ALL,contrast_low,1600,1582,0.98875,0.005140676960305637,0.0017918310450173425,0.027099609375,0.009765625
H1,ALL,ALL,gaussian_noise,1600,1591,0.994375,0.004883198073951878,0.0019252538286593506,0.019287109375,0.00927734375
H1,ALL,ALL,gaussian_blur,1600,1586,0.99125,0.004273880012927984,0.0017255563509128492,0.0283203125,0.010009765625
H1,ALL,A,ALL,4000,3968,0.992,0.005140676960305637,0.001875801439364987,0.0283203125,0.009033203125
H1,ALL,A,clean,800,799,0.99875,0.004451579133324169,0.0016555315900172462,0.023681640625,0.00927734375
H1,ALL,A,brightness_dark,800,793,0.99125,0.004240709465385933,0.002347062611865571,0.019775390625,0.007824707031249933
H1,ALL,A,contrast_low,800,787,0.98375,0.005140676960305637,0.00173255137330283,0.027099609375,0.009533691406249933
H1,ALL,A,gaussian_noise,800,795,0.99375,0.004883198073951878,0.0018288219425877954,0.019287109375,0.009033203125
H1,ALL,A,gaussian_blur,800,794,0.9925,0.004273880012927984,0.0017569937824216692,0.0283203125,0.010009765625
H1,ALL,B,ALL,4000,3972,0.993,0.007690473582233994,0.001967663249606527,0.021728515625,0.009521484375
H1,ALL,B,clean,800,790,0.9875,0.003680952832898627,0.0016698124043533357,0.021240234375,0.01025390625
H1,ALL,B,brightness_dark,800,799,0.99875,0.007690473582233994,0.0024793078964748796,0.01806640625,0.008056640625
H1,ALL,B,contrast_low,800,795,0.99375,0.004489827271259032,0.0020071315882449563,0.019775390625,0.009765625
H1,ALL,B,gaussian_noise,800,796,0.995,0.0047386823184284,0.0019902012336650405,0.01806640625,0.009533691406249933
H1,ALL,B,gaussian_blur,800,792,0.99,0.003798506122042388,0.0016805004327993436,0.021728515625,0.010009765625
H2,ALL,ALL,ALL,8000,7966,0.99575,0.007690473582233994,0.001920033058130965,0.0283203125,0.00927734375
H2,ALL,ALL,clean,1600,1591,0.994375,0.004451579133324169,0.0016609129523815949,0.023681640625,0.009765625
H2,ALL,ALL,brightness_dark,1600,1591,0.994375,0.007690473582233994,0.002400925127858495,0.019775390625,0.008056640625
H2,ALL,ALL,contrast_low,1600,1598,0.99875,0.005140676960305637,0.0017918310450173425,0.027099609375,0.009765625
H2,ALL,ALL,gaussian_noise,1600,1594,0.99625,0.004883198073951878,0.0019252538286593506,0.019287109375,0.00927734375
H2,ALL,ALL,gaussian_blur,1600,1592,0.995,0.004273880012927984,0.0017255563509128492,0.0283203125,0.010009765625
H2,ALL,A,ALL,4000,3981,0.99525,0.005140676960305637,0.001875801439364987,0.0283203125,0.009033203125
H2,ALL,A,clean,800,795,0.99375,0.004451579133324169,0.0016555315900172462,0.023681640625,0.00927734375
H2,ALL,A,brightness_dark,800,794,0.9925,0.004240709465385933,0.002347062611865571,0.019775390625,0.007824707031249933
H2,ALL,A,contrast_low,800,799,0.99875,0.005140676960305637,0.00173255137330283,0.027099609375,0.009533691406249933
H2,ALL,A,gaussian_noise,800,799,0.99875,0.004883198073951878,0.0018288219425877954,0.019287109375,0.009033203125
H2,ALL,A,gaussian_blur,800,794,0.9925,0.004273880012927984,0.0017569937824216692,0.0283203125,0.010009765625
H2,ALL,B,ALL,4000,3985,0.99625,0.007690473582233994,0.001967663249606527,0.021728515625,0.009521484375
H2,ALL,B,clean,800,796,0.995,0.003680952832898627,0.0016698124043533357,0.021240234375,0.01025390625
H2,ALL,B,brightness_dark,800,797,0.99625,0.007690473582233994,0.0024793078964748796,0.01806640625,0.008056640625
H2,ALL,B,contrast_low,800,799,0.99875,0.004489827271259032,0.0020071315882449563,0.019775390625,0.009765625
H2,ALL,B,gaussian_noise,800,795,0.99375,0.0047386823184284,0.0019902012336650405,0.01806640625,0.009533691406249933
H2,ALL,B,gaussian_blur,800,798,0.9975,0.003798506122042388,0.0016805004327993436,0.021728515625,0.010009765625
Q0,Q1,ALL,ALL,8000,7870,0.98375,0.02148900099244448,0.005444679403866215,0.0703125,0.0263671875
Q0,Q1,ALL,clean,1600,1578,0.98625,0.013810288140319864,0.004915254045194911,0.0654296875,0.0263671875
Q0,Q1,ALL,brightness_dark,1600,1568,0.98,0.01959097463376865,0.006918522219564862,0.0546875,0.0234375
Q0,Q1,ALL,contrast_low,1600,1578,0.98625,0.013872771919324466,0.005255746959537801,0.06640625,0.0283203125
Q0,Q1,ALL,gaussian_noise,1600,1578,0.98625,0.015113756256472727,0.005185952238105147,0.0654296875,0.02734375
Q0,Q1,ALL,gaussian_blur,1600,1568,0.98,0.02148900099244448,0.00484716502742896,0.0703125,0.02734375
Q0,Q1,A,ALL,4000,3932,0.983,0.02148900099244448,0.0053199353099294515,0.06640625,0.025390625
Q0,Q1,A,clean,800,791,0.98875,0.012629061147696323,0.004593001897161862,0.0654296875,0.025390625
Q0,Q1,A,brightness_dark,800,788,0.985,0.01959097463376865,0.00652928511646596,0.0546875,0.0234375
Q0,Q1,A,contrast_low,800,785,0.98125,0.013872771919324466,0.0053578365125330875,0.06640625,0.0263671875
Q0,Q1,A,gaussian_noise,800,786,0.9825,0.011300736976756959,0.004816157373737657,0.0537109375,0.0263671875
Q0,Q1,A,gaussian_blur,800,782,0.9775,0.02148900099244448,0.004633683076576193,0.056640625,0.02734375
Q0,Q1,B,ALL,4000,3938,0.9845,0.015747608435110992,0.0056602801411147746,0.0703125,0.02734375
Q0,Q1,B,clean,800,787,0.98375,0.013810288140319864,0.005241553452199072,0.0654296875,0.02734375
Q0,Q1,B,brightness_dark,800,780,0.975,0.015747608435110992,0.007084738143519633,0.05078125,0.0224609375
Q0,Q1,B,contrast_low,800,793,0.99125,0.011643109086205498,0.005192639939590528,0.064453125,0.029296875
Q0,Q1,B,gaussian_noise,800,792,0.99,0.015113756256472727,0.0059616915518277995,0.0654296875,0.0283203125
Q0,Q1,B,gaussian_blur,800,786,0.9825,0.012295101134190847,0.005066756476357109,0.0703125,0.02734375
Q0,Q2,ALL,ALL,8000,7864,0.983,0.01710365879446078,0.005385756403041214,0.0673828125,0.025390625
Q0,Q2,ALL,clean,1600,1570,0.98125,0.013162078964716287,0.0047950611743679,0.06640625,0.0263671875
Q0,Q2,ALL,brightness_dark,1600,1569,0.980625,0.016450327436426018,0.006952327804931476,0.052734375,0.0234375
Q0,Q2,ALL,contrast_low,1600,1577,0.985625,0.016824943298769632,0.00519512782228139,0.0673828125,0.0283203125
Q0,Q2,ALL,gaussian_noise,1600,1582,0.98875,0.01710365879446078,0.005457979542593815,0.0595703125,0.025390625
Q0,Q2,ALL,gaussian_blur,1600,1566,0.97875,0.011484299086686068,0.004740456620408452,0.0673828125,0.0263671875
Q0,Q2,A,ALL,4000,3933,0.98325,0.016824943298769632,0.005491600888284964,0.0673828125,0.0244140625
Q0,Q2,A,clean,800,786,0.9825,0.011967686984057107,0.005286676976256901,0.0517578125,0.0224609375
Q0,Q2,A,brightness_dark,800,786,0.9825,0.01635543143321359,0.006792374293403639,0.0458984375,0.0224609375
Q0,Q2,A,contrast_low,800,785,0.98125,0.016824943298769632,0.00565438598484806,0.0673828125,0.0283203125
Q0,Q2,A,gaussian_noise,800,796,0.995,0.011990996785730585,0.0053896714846931445,0.0595703125,0.0244140625
Q0,Q2,A,gaussian_blur,800,780,0.975,0.011219358788507135,0.0046648665651140295,0.052734375,0.025390625
Q0,Q2,B,ALL,4000,3931,0.98275,0.01710365879446078,0.005233580435733079,0.0673828125,0.02734375
Q0,Q2,B,clean,800,784,0.98,0.013162078964716287,0.004421008731472541,0.06640625,0.0302734375
Q0,Q2,B,brightness_dark,800,783,0.97875,0.016450327436426018,0.007042710543729198,0.052734375,0.0244140625
Q0,Q2,B,contrast_low,800,792,0.99,0.013119606236628634,0.00475245066214383,0.0595703125,0.029296875
Q0,Q2,B,gaussian_noise,800,786,0.9825,0.01710365879446078,0.005585389709180681,0.05078125,0.0263671875
Q0,Q2,B,gaussian_blur,800,786,0.9825,0.011484299086686068,0.004769014804093572,0.0673828125,0.0263671875
Q0,Q3,ALL,ALL,8000,7863,0.982875,0.023072904863844626,0.005537532893085354,0.072265625,0.02734375
Q0,Q3,ALL,clean,1600,1573,0.983125,0.016294407149061906,0.005239318986952592,0.0634765625,0.0263671875
Q0,Q3,ALL,brightness_dark,1600,1577,0.985625,0.023072904863844626,0.007005252926969543,0.072265625,0.0234375
Q0,Q3,ALL,contrast_low,1600,1576,0.985,0.015904040179262897,0.0053791055784738985,0.0654296875,0.02734375
Q0,Q3,ALL,gaussian_noise,1600,1582,0.98875,0.014006352036923606,0.0049799826829200495,0.064453125,0.0283203125
Q0,Q3,ALL,gaussian_blur,1600,1555,0.971875,0.016779820318109494,0.005022005416067031,0.068359375,0.029296875
Q0,Q3,A,ALL,4000,3940,0.985,0.016779820318109494,0.005202510682259531,0.072265625,0.0263671875
Q0,Q3,A,clean,800,790,0.9875,0.013295691175908623,0.004521502575320356,0.05859375,0.025390625
Q0,Q3,A,brightness_dark,800,791,0.98875,0.01619721892480094,0.006416508586060701,0.072265625,0.0244140625
Q0,Q3,A,contrast_low,800,786,0.9825,0.015904040179262897,0.005488461722138367,0.0576171875,0.0283203125
Q0,Q3,A,gaussian_noise,800,798,0.9975,0.014006352036923606,0.004929649468670399,0.064453125,0.02734375
Q0,Q3,A,gaussian_blur,800,775,0.96875,0.016779820318109494,0.004729882522039955,0.068359375,0.02734375
Q0,Q3,B,ALL,4000,3923,0.98075,0.023072904863844626,0.005827727397126006,0.0654296875,0.02734375
Q0,Q3,B,clean,800,783,0.97875,0.016294407149061906,0.005692192651459581,0.0634765625,0.0283203125
Q0,Q3,B,brightness_dark,800,786,0.9825,0.023072904863844626,0.007303390104164877,0.0419921875,0.0234375
Q0,Q3,B,contrast_low,800,790,0.9875,0.014012246521855518,0.005133638069950216,0.0654296875,0.025390625
Q0,Q3,B,gaussian_noise,800,784,0.98,0.012600854027813916,0.005006977850066957,0.060546875,0.0283203125
Q0,Q3,B,gaussian_blur,800,780,0.975,0.01102354833798437,0.005544050459931682,0.0595703125,0.03125
Q1,Q2,ALL,ALL,8000,7850,0.98125,0.019493308015753035,0.005282535125101478,0.0810546875,0.0263671875
Q1,Q2,ALL,clean,1600,1568,0.98,0.015283053776487568,0.00493847815705094,0.0810546875,0.0263671875
Q1,Q2,ALL,brightness_dark,1600,1573,0.983125,0.017958815699577177,0.0060235337294976075,0.0556640625,0.0234375
Q1,Q2,ALL,contrast_low,1600,1579,0.986875,0.019493308015753035,0.005001351645599487,0.0615234375,0.0263671875
Q1,Q2,ALL,gaussian_noise,1600,1568,0.98,0.015089244972210045,0.00545076567273983,0.0634765625,0.025390625
Q1,Q2,ALL,gaussian_blur,1600,1562,0.97625,0.016527466346699833,0.00493270386575204,0.0693359375,0.029296875
Q1,Q2,A,ALL,4000,3913,0.97825,0.019493308015753035,0.005351196748967887,0.0810546875,0.0263671875
Q1,Q2,A,clean,800,787,0.98375,0.015283053776487568,0.005000331221411076,0.0810546875,0.02734375
Q1,Q2,A,brightness_dark,800,784,0.98,0.017958815699577177,0.006312808766609311,0.0400390625,0.0234375
Q1,Q2,A,contrast_low,800,786,0.9825,0.019493308015753035,0.00487812805833198,0.0615234375,0.0263671875
Q1,Q2,A,gaussian_noise,800,782,0.9775,0.015089244972210045,0.0053382693157655444,0.060546875,0.02734375
Q1,Q2,A,gaussian_blur,800,774,0.9675,0.016527466346699833,0.005007842829206444,0.0693359375,0.0302734375
Q1,Q2,B,ALL,4000,3937,0.98425,0.016079704765633238,0.005215122817846733,0.0634765625,0.025390625
Q1,Q2,B,clean,800,781,0.97625,0.011605735749703814,0.004742902396931959,0.0576171875,0.0244140625
Q1,Q2,B,brightness_dark,800,789,0.98625,0.016079704765633238,0.005766365356534489,0.0556640625,0.0234375
Q1,Q2,B,contrast_low,800,793,0.99125,0.010681996789407858,0.005148168183664274,0.0615234375,0.025390625
Q1,Q2,B,gaussian_noise,800,786,0.9825,0.01442034452736791,0.005613829701162974,0.0634765625,0.0234375
Q1,Q2,B,gaussian_blur,800,788,0.985,0.012191662983331747,0.004835478057368887,0.0634765625,0.0283203125
Q1,Q3,ALL,ALL,8000,7882,0.98525,0.022748244471823033,0.0053712468284388085,0.0732421875,0.02734375
Q1,Q3,ALL,clean,1600,1573,0.983125,0.01653304586406373,0.00505465669776885,0.0732421875,0.029296875
Q1,Q3,ALL,brightness_dark,1600,1579,0.986875,0.019062774370740245,0.006534864832780467,0.052734375,0.0244140625
Q1,Q3,ALL,contrast_low,1600,1584,0.99,0.022748244471823033,0.005326539765544042,0.0634765625,0.0263671875
Q1,Q3,ALL,gaussian_noise,1600,1572,0.9825,0.013509366368913363,0.00518527189828845,0.0625,0.0283203125
Q1,Q3,ALL,gaussian_blur,1600,1574,0.98375,0.01448648850112802,0.004732013221752144,0.0712890625,0.029296875
Q1,Q3,A,ALL,4000,3943,0.98575,0.014559612687362031,0.005282431574979636,0.0732421875,0.02734375
Q1,Q3,A,clean,800,789,0.98625,0.012283769835123814,0.005021238329576836,0.0732421875,0.0302734375
Q1,Q3,A,brightness_dark,800,789,0.98625,0.014559612687362031,0.006512264141844764,0.052734375,0.0263671875
Q1,Q3,A,contrast_low,800,793,0.99125,0.013682568784090536,0.0051196786784998075,0.0517578125,0.0244140625
Q1,Q3,A,gaussian_noise,800,784,0.98,0.013509366368913363,0.004886748623614374,0.0615234375,0.02734375
Q1,Q3,A,gaussian_blur,800,788,0.985,0.01448648850112802,0.004843764566717529,0.0712890625,0.0283203125
Q1,Q3,B,ALL,4000,3939,0.98475,0.022748244471823033,0.00550275046548341,0.064453125,0.02734375
Q1,Q3,B,clean,800,784,0.98,0.01653304586406373,0.005063943661086824,0.064453125,0.0263671875
Q1,Q3,B,brightness_dark,800,790,0.9875,0.019062774370740245,0.006566775090439732,0.041015625,0.0224609375
Q1,Q3,B,contrast_low,800,791,0.98875,0.022748244471823033,0.005514116326428282,0.0634765625,0.02734375
Q1,Q3,B,gaussian_noise,800,788,0.985,0.012754886174791664,0.005559113258190872,0.0625,0.029296875
Q1,Q3,B,gaussian_blur,800,786,0.9825,0.011248979756692182,0.004604889156269079,0.0634765625,0.03125
Q2,Q3,ALL,ALL,8000,7891,0.986375,0.020046102373201275,0.005493192852945208,0.0849609375,0.0263671875
Q2,Q3,ALL,clean,1600,1577,0.985625,0.020046102373201275,0.005278602687011742,0.0849609375,0.0283203125
Q2,Q3,ALL,brightness_dark,1600,1586,0.99125,0.01753808918918195,0.006125510044410192,0.0625,0.0244140625
Q2,Q3,ALL,contrast_low,1600,1587,0.991875,0.015894070772404442,0.00541171165256869,0.068359375,0.0263671875
Q2,Q3,ALL,gaussian_noise,1600,1582,0.98875,0.017625416681205593,0.005782927878999203,0.078125,0.02734375
Q2,Q3,ALL,gaussian_blur,1600,1559,0.974375,0.01651093666373155,0.005123307939237565,0.07421875,0.0283203125
Q2,Q3,A,ALL,4000,3949,0.98725,0.01651093666373155,0.005497209555151867,0.078125,0.02734375
Q2,Q3,A,clean,800,792,0.99,0.011377947475800804,0.004923011471107766,0.0546875,0.0283203125
Q2,Q3,A,brightness_dark,800,789,0.98625,0.012614636544402175,0.00634904483647326,0.0625,0.025390625
Q2,Q3,A,contrast_low,800,793,0.99125,0.01399263208867379,0.005576862747653975,0.068359375,0.0263671875
Q2,Q3,A,gaussian_noise,800,798,0.9975,0.011404118836352523,0.005641558425735003,0.078125,0.0283203125
Q2,Q3,A,gaussian_blur,800,777,0.97125,0.01651093666373155,0.004455732438711272,0.07421875,0.0263671875
Q2,Q3,B,ALL,4000,3942,0.9855,0.020046102373201275,0.005487889370819889,0.0849609375,0.0263671875
Q2,Q3,B,clean,800,785,0.98125,0.020046102373201275,0.005591278947272648,0.0849609375,0.0283203125
Q2,Q3,B,brightness_dark,800,797,0.99625,0.01753808918918195,0.005222882830202744,0.044921875,0.0224609375
Q2,Q3,B,contrast_low,800,794,0.9925,0.015894070772404442,0.005073373049539779,0.0546875,0.025390625
Q2,Q3,B,gaussian_noise,800,784,0.98,0.017625416681205593,0.005821867460123437,0.0732421875,0.0263671875
Q2,Q3,B,gaussian_blur,800,782,0.9775,0.012773495720778122,0.005828222501741858,0.0732421875,0.029296875
