bank,context,salt,macro_class,macro_class_exact,capture,capture_exact,delta_vs_BBSE_pp,capture_delta_vs_BBSE,clean_delta_vs_zero,L1,JS,dominant_agreement,canonical_agreement,optimal_set_agreement,true_template_regret,DU,active_classes,objective
A,clean,T013-S0,39.115670128760435,4379124746870947087559/111953207818140489775,0.8123936380704208,417891674733031462617/514395553029684521137,0.6009036883602624,0.0980856489312439,4.976980208991895,0.7184083941651161,0.17357914767413135,0.7,0.65,0.65,0.01410265346913888,0.08390957723381892,4.17,0.0008701165561779586
A,clean,T013-S1,39.055656911893294,35404097771102715117/906503707029477650,0.7983792226356284,1100940455008560359093/1378969321588943132807,0.7543997301647263,0.12249361671333342,4.916966992124758,0.7184083941651161,0.17357914767413135,0.7,0.65,0.66,0.015283455208744315,0.08388933680204919,4.17,0.0008701165561779586
A,clean,T013-S2,39.06935355761002,4373939458155521497762/111953207818140489775,0.8004916748231686,3312021665571698162154/4137484210942399939171,0.6936649539037528,0.11261628484550917,4.9306636378414845,0.7184083941651161,0.17357914767413135,0.7,0.625,0.63,0.015446250276702178,0.08386567198874358,4.17,0.0008701165561779586
A,clean,T013-S3,38.97003400399879,26176921893178067633497/671719246908842938650,0.773342186234171,3245306809816636809079/4196469386494771626546,0.6209873119198612,0.09940001727289513,4.83134408423025,0.7184083941651161,0.17357914767413135,0.7,0.645,0.65,0.01525980667712776,0.08421907952299401,4.17,0.0008701165561779586
A,brightness_dark,T013-S0,33.65725645904361,22608226961686561507157/671719246908842938650,0.8984659835648294,901851940468439356311/1003768597771699181435,0.33363100390862993,0.018605414234951465,16.111230004832546,0.7684346693626029,0.19651327139857724,0.68,0.675,0.695,0.02273440083162813,0.12885933185524112,3.98,0.0007978106058583461
A,brightness_dark,T013-S1,33.69726020864514,870580701932401222082/25835355650340113025,0.9010580738007838,10849094574177142542707/12040394387027914519545,0.41421286134172836,0.02310844166202624,16.151233754434077,0.7684346693626029,0.19651327139857724,0.68,0.675,0.685,0.022412535948232306,0.12886248493832672,3.98,0.0007978106058583461
A,brightness_dark,T013-S2,33.53010866143379,22522819338829979773823/671719246908842938650,0.891381026641532,10736815662764690542398/12045147183823210116145,0.17955534064059622,0.010013225770752216,15.984082207222734,0.7684346693626029,0.19651327139857724,0.68,0.66,0.675,0.02323429595926888,0.12887191101206175,3.98,0.0007978106058583461
A,brightness_dark,T013-S3,33.75649545071011,22674887702432780383039/671719246908842938650,0.9036692950939224,10888884026367491151614/12049633738231375520845,0.42520699094130116,0.023703601780794774,16.210468996499053,0.7684346693626029,0.19651327139857724,0.68,0.675,0.695,0.021643825196068212,0.12889336008923963,3.98,0.0007978106058583461
A,contrast_low,T013-S0,31.249615062826653,3498494649365525705024/111953207818140489775,0.8339188640877399,3793316499250545012188/4548783655829897649377,1.5473323454259373,0.11424734571132039,11.294351075116134,0.9182003322799165,0.23881190748964248,0.59,0.645,0.655,0.025156459413006402,0.11878735037719773,3.87,0.0007674957067424587
A,contrast_low,T013-S1,31.23746173864131,6994268091474645951373/223906415636280979550,0.8342238605846344,7578469376731873648351/9084455306062318509936,1.4739742018343822,0.10898802486908973,11.282197750930793,0.9182003322799165,0.23881190748964248,0.59,0.635,0.645,0.02506281554541304,0.1188539234585841,3.87,0.0007674957067424587
A,contrast_low,T013-S2,31.178121717851884,2094294444034770897583/67171924690884293865,0.8248648495361796,3769304771327822385031/4569602854876526239254,1.4479117041871914,0.106419550058842,11.222857730141365,0.9182003322799165,0.23881190748964248,0.59,0.64,0.65,0.0259783509919807,0.11888880534196591,3.87,0.0007674957067424587
A,contrast_low,T013-S3,31.171350325912705,20938395966053799310301/671719246908842938650,0.8256860278040699,7534061068361735104533/9124607677325891101811,1.4350532723485463,0.10564321639508974,11.216086338202187,0.9182003322799165,0.23881190748964248,0.59,0.63,0.64,0.025299277978226165,0.11880575997324122,3.87,0.0007674957067424587
A,gaussian_noise,T013-S0,36.09418639538801,24245159703297434470489/671719246908842938650,0.7917721941291489,1819533798851885225128/2298052157354612021949,0.8306091031392284,0.12139326765293626,5.417542543927757,0.7416556901538719,0.1800160617584357,0.67,0.685,0.685,0.013178013494602934,0.09777299586882751,4.17,0.0008678663583510371
A,gaussian_noise,T013-S1,36.06206984800984,12111793200139631833513/335859623454421469325,0.7833401673790112,3617494294685599646793/4618037533795086817289,0.7782854913923899,0.1132059538997615,5.385425996549596,0.7416556901538719,0.1800160617584357,0.67,0.68,0.68,0.013077970197830791,0.0976835417173722,4.17,0.0008678663583510371
A,gaussian_noise,T013-S2,36.108610746908646,24254848817838029454901/671719246908842938650,0.7948121565116447,3648756712244365434668/4590715784039354734789,0.8781141411509611,0.12848675399262585,5.431966895448401,0.7416556901538719,0.1800160617584357,0.67,0.67,0.67,0.013230630373728881,0.09768230491202289,4.17,0.0008678663583510371
A,gaussian_noise,T013-S3,36.06918300080455,24228364441917673364351/671719246908842938650,0.7866043669063877,1811136168162004672059/2302474082727212323157,0.778978872928123,0.11362887986591316,5.392539149344305,0.7416556901538719,0.1800160617584357,0.67,0.69,0.69,0.012981213800667652,0.09771599458660322,4.17,0.0008678663583510371
A,gaussian_blur,T013-S0,37.83236862448681,4235455026869669990554/111953207818140489775,0.7575335137347834,2327772334352092330969/3072830828138196424458,0.89613932984312,0.09794779951038418,6.930789448312436,0.7693456503777586,0.19200063267432263,0.68,0.555,0.555,0.018999883230678905,0.09503800425867408,4.14,0.0008555690170909938
A,gaussian_blur,T013-S1,37.778627989190156,25376631542148144771833/671719246908842938650,0.7511022258547141,4619446049634309490447/6150222820039745243316,0.7894497321441666,0.08622266136771292,6.877048813015776,0.7693456503777586,0.19200063267432263,0.68,0.56,0.565,0.018358503483926286,0.09533423445182987,4.14,0.0008555690170909938
A,gaussian_blur,T013-S2,37.80677322362708,12697768618914096983654/335859623454421469325,0.7608498861862641,70278056747187252817/92367835000217686501,0.8250161559273509,0.09090453418477275,6.905194047452709,0.7693456503777586,0.19200063267432263,0.68,0.555,0.555,0.01861224510247813,0.0952793479540108,4.14,0.0008555690170909938
A,gaussian_blur,T013-S3,37.87194715764174,25439315823702604823267/671719246908842938650,0.7668993069473864,4682130331188769541881/6105273911155053629466,0.9700495098225572,0.10672754993215765,6.970367981467364,0.7693456503777586,0.19200063267432263,0.68,0.565,0.57,0.017871097174483982,0.09523127696250397,4.14,0.0008555690170909938
B,clean,T013-S0,39.01635236113596,13104017412576151444036/335859623454421469325,0.7907957626585994,1638209870895436031827/2071596672935993351968,0.7265258353548757,0.11778870698144668,4.877662441367421,0.7184083941651161,0.17357914767413135,0.7,0.63,0.63,0.013651751181850927,0.08887547750183261,4.17,0.0008701165561779586
B,clean,T013-S1,38.95546403976405,8722378322591606574049/223906415636280979550,0.7955225221581421,3235519884413388897729/4067163146601900121861,0.8191044335974338,0.13528058586375113,4.81677411999551,0.7184083941651161,0.17357914767413135,0.7,0.66,0.665,0.013657847972183008,0.08888612019475843,4.17,0.0008701165561779586
B,clean,T013-S2,39.002725016272706,13099440537661695713411/335859623454421469325,0.7970474382823207,816816497990490150601/1024802864620922387933,0.6259911287556641,0.10257833581849711,4.864035096504168,0.7184083941651161,0.17357914767413135,0.7,0.65,0.655,0.013775448578796529,0.08882485400785285,4.17,0.0008701165561779586
B,clean,T013-S3,38.9297283765989,26149847827494825916349/671719246908842938650,0.7733554267231476,3218232744133395091931/4161388971911210748786,0.5991763381545577,0.09671729351604702,4.791038456830361,0.7184083941651161,0.17357914767413135,0.7,0.62,0.63,0.014717120416458729,0.08906727685299883,4.17,0.0008701165561779586
B,brightness_dark,T013-S0,33.800153171702945,329046571505794802279/9735061549403520850,0.917828397730856,5459104878917276062913/5947849175743311063642,0.6728418747073301,0.03799363635600761,16.254126717491886,0.7683893438949474,0.19681565383419655,0.68,0.675,0.695,0.01825437435604899,0.1298670314441227,4.02,0.0008201035306983473
B,brightness_dark,T013-S1,33.78020166890782,493278513597121743022/14602592324105281275,0.9146259726800982,10904807949402310947587/11922696572292074619309,0.5667419463006231,0.03192998086065698,16.23417521469676,0.7683893438949474,0.19681565383419655,0.68,0.675,0.685,0.019024591315903505,0.12986745962548707,4.02,0.0008201035306983473
B,brightness_dark,T013-S2,33.80015745309184,11352108154895583564929/335859623454421469325,0.9133433834544415,10918212633725877898433/11954115868701082530484,0.6128638577807177,0.03443771614126438,16.254130998880782,0.7683893438949474,0.19681565383419655,0.68,0.68,0.695,0.018140619540135856,0.12983625390540493,4.02,0.0008201035306983473
B,brightness_dark,T013-S3,33.81324364724439,22713006558272217998917/671719246908842938650,0.9175279089207541,2731750720551732191873/2977294416869525981346,0.652633203125086,0.036810793822317854,16.26721719303333,0.7683893438949474,0.19681565383419655,0.68,0.68,0.7,0.018073268864106817,0.12991137865080804,4.02,0.0008201035306983473
B,contrast_low,T013-S0,30.242584905525078,3385754392886007842992/111953207818140489775,0.7671749647928036,1727547864905995713046/2251830344037056589399,0.7409559964219553,0.05525664991005164,10.28732091781456,0.9182514495453833,0.23837994723094108,0.58,0.62,0.63,0.030747832962941944,0.12116645647471266,3.84,0.0007811576477895518
B,contrast_low,T013-S1,30.528056895513163,20506283387444412304261/671719246908842938650,0.800007774177147,7101948489752348098493/8877349344582434514917,0.9988756230948618,0.0755815677920065,10.572792907802645,0.9182514495453833,0.23837994723094108,0.58,0.625,0.635,0.029405457234345414,0.12129517528256771,3.84,0.0007811576477895518
B,contrast_low,T013-S2,30.0496883216394,403699080185141426237/13434384938176858773,0.7572906351070882,3390309555782503553041/4476893544712964012842,0.36813278736146793,0.027617574130272618,10.094424333928883,0.9182514495453833,0.23837994723094108,0.58,0.605,0.62,0.03163709316235362,0.12117406788017022,3.84,0.0007811576477895518
B,contrast_low,T013-S3,30.18946870387832,20278847182347227373611/671719246908842938650,0.7598029864902919,2291504094885054389281/3015918778458675061002,0.5143820385445714,0.03818850803968243,10.234204716167799,0.9182514495453833,0.23837994723094108,0.58,0.605,0.615,0.030968087569511766,0.12135754921224112,3.84,0.0007811576477895518
B,gaussian_noise,T013-S0,36.21542507453864,1871276773657901959723/51670711300680226050,0.8030118344444077,3720505951959061456166/4633189440518302623787,0.7718354368307038,0.11190060864584025,5.538781223078398,0.7434919764874425,0.1812020151306192,0.68,0.71,0.71,0.012506677980768816,0.10257182296571493,4.19,0.0008488228922975083
B,gaussian_noise,T013-S1,36.26924029609495,256449966080513242061/7070728914829925670,0.8108007787582652,3756654672055093975562/4633264755626382303719,0.8123173250536736,0.11776775354213312,5.592596444634701,0.7434919764874425,0.1812020151306192,0.68,0.7,0.7,0.012662662762279755,0.10250921345047084,4.19,0.0008488228922975083
B,gaussian_noise,T013-S2,36.335529555968385,128459339733521503463/3535364457414962835,0.8188875921885723,543026063396488805391/663126500604543865538,0.8919487953132594,0.12907237210458183,5.658885704508135,0.7434919764874425,0.1812020151306192,0.68,0.68,0.695,0.011799907990129392,0.10248468394443318,4.19,0.0008488228922975083
B,gaussian_noise,T013-S3,36.23604182574099,24340446726144072259829/671719246908842938650,0.8043783392302322,311196218379200686633/386877919508631790019,0.8658571921354179,0.12527917113373185,5.559397974280744,0.7434919764874425,0.1812020151306192,0.68,0.7,0.7,0.012649836833747598,0.10253824134618346,4.19,0.0008488228922975083
B,gaussian_blur,T013-S0,37.6769726015732,25308347661733856236757/671719246908842938650,0.7563479742370641,4551162169220020955371/6017286122582431926481,0.7404719900916206,0.08266006924197442,6.7753934253988195,0.7717563712544364,0.19297368656642072,0.68,0.585,0.59,0.017516103407535746,0.098418794024981,4.15,0.0008635669501620944
B,gaussian_blur,T013-S1,37.68271918734031,1012488310159905530231/26868769876353717546,0.7575432208623061,4555022261483802974389/6012887629433016010913,0.6664775866529254,0.07445438035407634,6.781140011165933,0.7717563712544364,0.19297368656642072,0.68,0.575,0.575,0.01782892488406006,0.09868001360904197,4.15,0.0008635669501620944
B,gaussian_blur,T013-S2,37.63733194323263,25281720268566362539423/671719246908842938650,0.7491074205075158,4524534776052527258037/6039901157282866179256,0.6086705558729821,0.06769245336301427,6.735752767058257,0.7717563712544364,0.19297368656642072,0.68,0.605,0.605,0.01774060960995557,0.09855088785053731,4.15,0.0008635669501620944
B,gaussian_blur,T013-S3,37.71641381054754,1948833929301790736671/51670711300680226050,0.7562075989868505,138716836012407402889/183437506047621074868,0.6922686464867112,0.0768175369029691,6.814834634373168,0.7717563712544364,0.19297368656642072,0.68,0.585,0.59,0.017569016159216168,0.09847286399489816,4.15,0.0008635669501620944
