K,bank,context,L1_mean,L1_median,L1_p05,L1_p95,JS_mean,JS_median,JS_p05,JS_p95,projection_L1_mean,projection_L1_median,projection_L1_p05,projection_L1_p95,dominant_class_agreement,negative_entry_fraction
20,A,clean,0.6662606280102562,0.6,0.0705387863519025,1.4910448191720338,0.1525324553673277,0.12013578838455868,0.004407744629332601,0.40672755598166127,1.1533939476774564,1.0475995087812504,0.3657715139763659,2.293598605468692,0.729765625,0.42796874999999995
20,A,brightness_dark,0.7439110408151002,0.6735664358743543,0.0989724907465538,1.660345177731456,0.17915977424847554,0.1411564588516665,0.009541746949363555,0.4896583578254557,1.4577605464834915,1.3219068063396398,0.48070860388369574,2.9255153908390503,0.680703125,0.42967187500000004
20,A,contrast_low,0.7780921176075631,0.7121600005454015,0.10000000000000005,1.7000000000000002,0.19005127946437728,0.15328952602342694,0.013023216188357518,0.5168985264947997,1.5620553093803542,1.4367113502722901,0.5326175039597959,3.006831688814136,0.66375,0.42990625
20,A,gaussian_noise,0.6935522378339766,0.6185059387331786,0.061329116846012874,1.5763263045734304,0.16259662046619297,0.12806114159811288,0.00392224129892112,0.4496773691159629,1.258840825664439,1.1481347837178353,0.4070568363389802,2.490866127827601,0.711328125,0.4316640625
20,A,gaussian_blur,0.6765032719923364,0.6020925349784019,0.07826062771401247,1.5146760097816028,0.15652634587280598,0.12480561710088528,0.005482892400885002,0.42031111851937003,1.1896708684859074,1.0796118513193655,0.38787779217775425,2.364085868817689,0.73,0.42946093750000003
20,B,clean,0.6686991760447307,0.6000000000000001,0.06362182300826641,1.4915969246525154,0.15421750045144794,0.12154855759283495,0.004260069513119308,0.412494842487303,1.1526956186417094,1.0348600656786244,0.36725292457806374,2.3317965824986593,0.730546875,0.42639843749999995
20,B,brightness_dark,0.7509471854698749,0.6863549528850701,0.09999999999999994,1.6630441710695314,0.18130674378446926,0.14342986451640993,0.009451206815742099,0.4906115682308457,1.4791829685932276,1.3332660848202669,0.5010005482890199,2.957458175708995,0.67671875,0.43121875000000004
20,B,contrast_low,0.7908363297116443,0.729768864805138,0.10000000000000005,1.724545919522924,0.19492127934472772,0.1565510869771266,0.012863588995696144,0.5280112405751409,1.6546364168245822,1.5162082470789158,0.5919945259364129,3.2181519093565516,0.65765625,0.43442187499999996
20,B,gaussian_noise,0.6956633137644775,0.6211502245044085,0.07196098728614192,1.5655482182996499,0.16282871434986781,0.12838584352948607,0.005631176281371561,0.4437529877841093,1.240336225893861,1.1311640695088572,0.3964585515283483,2.472013968227426,0.713359375,0.4297734375
20,B,gaussian_blur,0.6765125083089591,0.6000000000000001,0.07154175282261832,1.5,0.1567345880667279,0.1250941579266397,0.0054911844832518375,0.41799453724565105,1.19216515583277,1.0996577717255882,0.39656557790311925,2.317967653085481,0.725703125,0.43067968749999996
40,A,clean,0.5145235770710285,0.4659020518995589,0.04730120004475712,1.1591176052438141,0.10818567337971316,0.08740119979741418,0.00218734344420318,0.28686899741203625,0.7955141400379389,0.7250512001330656,0.2387207718598095,1.603484704002499,0.82765625,0.4091796875
40,A,brightness_dark,0.5745994712754032,0.5046267591114317,0.06051511936549233,1.2992043503647877,0.12647843837176023,0.10030989033529303,0.004261098012969376,0.3337829361109587,1.0066919639701306,0.9193301899128189,0.31443390930748927,1.996827058560345,0.793359375,0.4105546875
40,A,contrast_low,0.6094644178046258,0.545944522710545,0.08069500416085039,1.3614701156367688,0.1368356965053868,0.1090100250142721,0.0067405699612578225,0.3605629508477749,1.0828393126437037,0.9918320165924854,0.36181495190139706,2.107887546981296,0.776796875,0.41587500000000005
40,A,gaussian_noise,0.5383022255812765,0.48965052939692677,0.05729001204753281,1.1840658818739793,0.11475470035356898,0.09394110261158944,0.003756908694401715,0.29676475520632284,0.8541467126672444,0.7757567869934492,0.26732628734661146,1.720092077222825,0.820625,0.4103359375
40,A,gaussian_blur,0.5117836492400033,0.46867143888209584,0.04614307790557492,1.1203212565580845,0.10712492476242072,0.08772829411407118,0.002107124677016487,0.27631996109354384,0.8152793445424428,0.7511600836901502,0.2497776108275873,1.6087383737419525,0.8334375,0.41114843749999996
40,B,clean,0.5075134470756698,0.4585855001531737,0.05161740854982485,1.1409351536082495,0.10636303932528535,0.08598131819094174,0.002758609535105147,0.28222819606569344,0.7932474684148739,0.7164375380605734,0.23546974266466442,1.6099083203982814,0.836171875,0.40953906250000005
40,B,brightness_dark,0.5762136438585513,0.5070222088600037,0.07093584306122738,1.308952325669826,0.12719306058544722,0.10137105575502389,0.0050753994694951055,0.3385934443268226,1.0174999659910333,0.9158300923771657,0.31785842538256565,2.0342851912928817,0.789609375,0.41288281250000003
40,B,contrast_low,0.6156106718604643,0.5530315210490189,0.0897673966235692,1.3612407060317004,0.13886941579062553,0.11166071185036436,0.007176320172119299,0.3612115013032198,1.1379901095400988,1.043024201791387,0.37233923046706213,2.2154975007070954,0.77609375,0.4163984375
40,B,gaussian_noise,0.5271987496608158,0.4794023045773545,0.04771352235387849,1.1733415888926133,0.1120892864745031,0.09032886654817901,0.0028252964926084216,0.29222534065238703,0.8578370398532781,0.7799155215144644,0.26197393055156026,1.7248181984627842,0.821796875,0.41196093749999996
40,B,gaussian_blur,0.5135839586264059,0.4682239784510104,0.050744779612653605,1.1242394335233992,0.107547199098533,0.08840903107139295,0.0030737820062095283,0.27659327080375523,0.8201201972459405,0.7502869375466472,0.25411551247030634,1.616553955686955,0.83546875,0.410828125
80,A,clean,0.3790588948640669,0.34230973285649174,0.030177591889022717,0.8470796260361728,0.07307359444331545,0.05988345798640693,0.001069564209669255,0.1881895351896015,0.5484544489596036,0.4938767192765412,0.157222768042197,1.1248521133464675,0.897734375,0.395265625
80,A,brightness_dark,0.4327579145622565,0.39288579330740914,0.049659502247700306,0.9577224144218093,0.08718597924878488,0.07108378822016281,0.002931262968982497,0.22138540278478316,0.6932347893258843,0.626584460802487,0.20148194863789423,1.4229598483582981,0.870625,0.399296875
80,A,contrast_low,0.4563734669744065,0.4118757620760082,0.05488487114327123,1.0,0.09311860865152395,0.07691069163682307,0.0031869510152110663,0.23777789839819108,0.7425146593597693,0.6812368774841464,0.22290194273453154,1.4856663839963724,0.86609375,0.3996484375
80,A,gaussian_noise,0.39630358213088934,0.35709376265079457,0.03241125930443596,0.8925847490705571,0.07703034031621313,0.06310739056576598,0.0012889763194394116,0.20194085184454147,0.5876134811003056,0.5327800832535505,0.16858236924881725,1.1934567466385604,0.88546875,0.39809375
80,A,gaussian_blur,0.3890914129285541,0.35432838452869847,0.03750818354029655,0.8563841227916629,0.07513670392691153,0.06211656279582359,0.0015649544498717186,0.19164607440256182,0.567845079313781,0.5153842331217712,0.16651153365755736,1.1351979633528477,0.89265625,0.39703125
80,B,clean,0.37792094582148245,0.3415380111949259,0.033652995891272686,0.8431130360205096,0.07273366498243423,0.05942802594296415,0.00144283235394625,0.1876103015033337,0.5453466148144115,0.4961551790079186,0.15645330781434705,1.1121451025713718,0.9009375,0.3949921875
80,B,brightness_dark,0.43675738115739926,0.39742060053202777,0.043736962380569865,0.9707353578733128,0.08788078410949651,0.07207428872243582,0.0024885637391037275,0.22942903931736217,0.6971160279386734,0.6280346709383535,0.20428832827512305,1.426024156525993,0.870390625,0.398953125
80,B,contrast_low,0.4702011305873289,0.422301722164359,0.06103761287231899,1.0517881917765437,0.09759348061036842,0.07945959509940287,0.0038589471975303607,0.25222146880554325,0.7806854756271158,0.7155542812479226,0.24030892982401814,1.5680658122543687,0.86109375,0.40138281249999996
80,B,gaussian_noise,0.3986630417628821,0.36009510313324355,0.037365943928414816,0.8999999999999999,0.07717600515566789,0.06318588586822085,0.0017913869029125417,0.19946229419976738,0.5907907256227813,0.5333091437411323,0.17283715712478137,1.2021977289447585,0.8846875,0.3974609375
80,B,gaussian_blur,0.3871736469871607,0.3517605096476265,0.028702376126286146,0.8657207265058924,0.07486370923501683,0.061444580472329036,0.0013804888930872873,0.1921434567608962,0.568393903677745,0.5221053518006082,0.1706517893936789,1.1298974561506816,0.892890625,0.39714062499999997
160,A,clean,0.2799112156464974,0.25205771932394516,0.0252553506872277,0.6138700215143627,0.04952018004693359,0.04047347592417322,0.0007528035266711366,0.12812139021783908,0.38102929676416,0.34523719804331865,0.09731876525615443,0.7917595622535207,0.9340625,0.3846640625
160,A,brightness_dark,0.31988824326406784,0.2892148703816071,0.03148168060327813,0.7170116184786366,0.05968809870363849,0.048187338255309076,0.001130814339616021,0.15421323676199863,0.4805718369040278,0.43675408606162935,0.12826590513491692,0.9855050812272893,0.918515625,0.38757031249999996
160,A,contrast_low,0.34076805897535734,0.30725028464057746,0.038121785744526376,0.7454429237534614,0.0643664627772881,0.05360302642595467,0.0015954896479203025,0.16392970740201632,0.5126647139178216,0.47064674831505254,0.1444568889115823,1.0316736815877103,0.91625,0.38840625
160,A,gaussian_noise,0.2927482158662005,0.2637022894346073,0.025093562709292905,0.6517655231810372,0.05240209351251538,0.042192659099026586,0.0008286289156226373,0.13667462788133303,0.40753609357594917,0.37055577902489373,0.11215422898308829,0.8422391069154045,0.933046875,0.3851484375
160,A,gaussian_blur,0.28422006694358815,0.25722871348111764,0.0210443420769203,0.6191995070063202,0.050376518075767686,0.04163667422858752,0.0005944406653262364,0.12780180503014635,0.3941819812201014,0.3584205911711846,0.11093733105568733,0.7966739705780365,0.932890625,0.3861640625
160,B,clean,0.28032732758159373,0.25357154506207435,0.023096938848877473,0.6161232326803888,0.049696649271242066,0.04061179405421887,0.0007564279759805116,0.1290585249972023,0.38358477517338085,0.34597989784094446,0.10034290541178051,0.7955849114550017,0.933046875,0.384140625
160,B,brightness_dark,0.3267167519024396,0.29270752273086903,0.03458979065883749,0.7326290435788579,0.06107340005140206,0.049628198348744296,0.0014896426028000126,0.15848823878335916,0.4862493621809986,0.4401812562088424,0.13431657305915834,1.0006673578012593,0.92140625,0.387609375
160,B,contrast_low,0.3534384139751163,0.31781104108691355,0.04442956660902871,0.7818630298750632,0.06742973476111086,0.05535757316261371,0.0023331698124361166,0.1743401761849119,0.5366544027509215,0.4896537002094171,0.15730621420500637,1.0798000640520646,0.911875,0.39103125
160,B,gaussian_noise,0.2977329475421394,0.26838324554869286,0.026307096727218857,0.6708563954767144,0.053378112935370085,0.04303242619263288,0.0007877255806807239,0.14007021728802369,0.4075650331568623,0.3669547214450134,0.10910373563681698,0.8427689119905135,0.927265625,0.38521875
160,B,gaussian_blur,0.28356283968689927,0.25793407411853037,0.023831971093937622,0.6251162240320614,0.0505336392235439,0.04140626209932552,0.0007866055546513042,0.13072991835483136,0.39254413178714687,0.3586978094555173,0.10964238544189847,0.7863106988289473,0.934609375,0.38670312500000004
