K,bank,context,salt,macroclass_p05,macroclass_median,macroclass_p95,capture_p05,capture_median,capture_p95,actual_capture,explained,median80,capture_p05_exact,capture_median_exact,capture_p95_exact
20,A,clean,T013-S0,38.355224338019184,39.04316783352333,39.50946824473668,0.6882658946288301,0.8005590715415619,0.8766733962107534,0.7143079891391769,True,True,28323273239925414165259/41151644242374761690960,411804026338552503573/514395553029684521137,14430620687047750023539/16460657696949904676384
20,A,clean,T013-S1,38.33757161806405,39.04572629855884,39.56305732494584,0.6817820643484762,0.796766766142234,0.8807669929799702,0.6758856059222951,False,False,14102348261191910512679/20684539823834146992105,2197433853943545057127/2757938643177886265614,18218259941812843823573/20684539823834146992105
20,A,clean,T013-S2,38.32314776688108,39.02739187376022,39.51260710248497,0.6793454018146015,0.7936792087840061,0.8724537469842268,0.6878753899776595,True,False,56215617475684683023267/82749684218847998783420,6567670389794163270969/8274968421884799878342,14439054411699096791411/16549936843769599756684
20,A,clean,T013-S3,38.36514395605873,39.05114532694775,39.54070120008378,0.6765188211519494,0.7863254899948033,0.8646875777729325,0.6739421689612758,False,False,1577216956862048337371/2331371881385984236970,3299790846583693182769/4196469386494771626546,72572698980128561678639/83929387729895432530920
20,A,brightness_dark,T013-S0,31.791448358022166,32.970036606809664,33.951271935643916,0.7944165031636041,0.8601421771094909,0.914862180769372,0.879860569329878,True,True,63792827154178201568701/80301487821735934514800,1381413931202384290849/1606029756434718690296,2938591770704740266569/3212059512869437380592
20,A,brightness_dark,T013-S1,31.79394563091154,33.02220586915713,33.99100991862693,0.7948744228596438,0.863397597078197,0.9174460198784675,0.8779496321387577,True,True,15951002565652180834847/20067323978379857532575,20791295163267423204103/24080788774055829039090,22092823816291602239887/24080788774055829039090
20,A,brightness_dark,T013-S2,31.78718266255792,33.00693479529557,33.90913115979301,0.7941836307512529,0.8622052971961729,0.9125178963928033,0.8813678008707797,True,True,191321174467638911089489/240902943676464202322900,20770779414799870839879/24090294367646420232290,109914123699240552529341/120451471838232101161450
20,A,brightness_dark,T013-S3,31.819443403210975,32.928338906523,33.99562016143128,0.7956863330524275,0.8575028553274596,0.9169995484520209,0.8799656933131276,True,True,95877288837981373498899/120496337382313755208450,10332595336183495724984/12049633738231375520845,110495086969704079891341/120496337382313755208450
20,A,contrast_low,T013-S0,29.535042959566862,30.68393179102742,31.792450595557465,0.7073233641570605,0.7921516170529294,0.8739991473931432,0.7196715183764195,True,False,64349219165285113147641/90975673116597952987540,7206652657179177974731/9097567311659795298754,19878165184355978482228/22743918279149488246885
20,A,contrast_low,T013-S1,29.654498405824793,30.6698614686373,31.784628767712938,0.7171770039509461,0.7922545830586698,0.8746822713884247,0.7252358357155446,True,False,130303248778560972275513/181689106121246370198720,1799300337704880760061/2271113826515579627484,7946012001433215564587/9084455306062318509936
20,A,contrast_low,T013-S2,29.477195215317767,30.676116816209262,31.7419658552425,0.6998490543330774,0.7879681688852478,0.8663066302959458,0.7184452994773376,True,False,127921289466522709909997/182784114195061049570160,1800350797044928638545/2284801427438263119627,158347090039952684272327/182784114195061049570160
20,A,contrast_low,T013-S3,29.510496881280773,30.62506586728249,31.795599439249134,0.7034202532627284,0.7854706236874697,0.871640896125241,0.7200428114089802,True,False,32092169216538069365877/45623038386629455509055,14334222566425283222847/18249215354651782203622,39766906063277967588849/45623038386629455509055
20,A,gaussian_noise,T013-S0,35.14474509073998,36.012141939423756,36.645294039463494,0.6530116363887037,0.7797814218577328,0.87231640859777,0.6703789264762127,True,False,30013095995614522441337/45961043147092240438980,7167913515060838653077/9192208629418448087796,80185144186957309608019/91922086294184480877960
20,A,gaussian_noise,T013-S1,35.18053707450093,36.017770936094706,36.67456447297083,0.6551163219872114,0.7768966442303233,0.8724309175523649,0.6701342134792497,True,False,60507035278774591365751/92360750675901736345780,7175475725870162769045/9236075067590173634578,80578374458002161357751/92360750675901736345780
20,A,gaussian_noise,T013-S2,35.08895127633634,35.96070406509675,36.633630691347626,0.6456143137574506,0.7731702667512524,0.8716337281970008,0.6663254025190188,True,False,2963831820568064924563/4590715784039354734789,3549404947324892998643/4590715784039354734789,40014227139350401732687/45907157840393547347890
20,A,gaussian_noise,T013-S3,35.08002281423944,35.99134271621982,36.639406513757635,0.64231654612781,0.7752498813700088,0.8697823083138477,0.6729754870404746,True,False,5915668801464561974119/9209896330908849292628,3569985518983582532645/4604948165454424646314,40053024450145676249591/46049481654544246463140
20,A,gaussian_blur,T013-S0,37.2013428144665,37.96963938423518,38.68391233563647,0.6885625541223225,0.7725371726600365,0.850607023529981,0.6595857142243993,False,False,16926689947269184089995/24582646625105571395664,1582584026688320523465/2048553885425464282972,26137714845337978451603/30728308281381964244580
20,A,gaussian_blur,T013-S1,37.1399024861466,37.95916649569185,38.68798102085906,0.68134146653915,0.7708204040693674,0.8504205678856072,0.6648795644870011,False,False,6446772054997578974419/9461881261599608066640,4740717239259680612425/6150222820039745243316,1609315687151144785759/1892376252319921613328
20,A,gaussian_blur,T013-S2,37.13668745457266,37.89972761123072,38.569032630240734,0.6870163809123365,0.7710920799237208,0.8448395581318846,0.6699453520014914,False,False,10470605592901971972211/15240692775035918272665,9401581993104695958631/12192554220028734618132,51503760598740606997363/60962771100143673090660
20,A,gaussian_blur,T013-S3,37.18243639373583,37.90046756686202,38.65759689058128,0.6910374115097093,0.7700372018365862,0.8533386796313941,0.6601717570152287,False,False,2812648453414898186361/4070182607436702419644,3134192025994498669551/4070182607436702419644,34732442520887003176339/40701826074367024196440
20,B,clean,T013-S0,38.259186617085255,38.98314293611786,39.46019524117506,0.6680395307087558,0.7854116523597975,0.8627542208422514,0.6730070556771528,True,False,55356338768239233580601/82863866917439734078720,6508224663654870165249/8286386691743973407872,71491150938331725549253/82863866917439734078720
20,B,clean,T013-S1,38.19088456708171,38.978386100480655,39.455661900114414,0.6692470989503871,0.7993082540816382,0.878133550520917,0.660241936294391,False,False,54438742736424997439551/81343262932038002437220,3250917073775546584134/4067163146601900121861,17857562072366758362996/20335815733009500609305
20,B,clean,T013-S2,38.136535585574975,38.985693707094384,39.44371406328624,0.655108892793403,0.7942565946551992,0.8693103194620468,0.6944691024638237,True,False,53708597597865614378537/81984229169673791034640,813956433446706922796/1024802864620922387933,1781743411258469635655/2049605729241844775866
20,B,clean,T013-S3,38.25229178543433,39.00173817514103,39.45108688017655,0.6640055918682324,0.784979037967679,0.8575115927909056,0.6766381332071006,True,False,55263710945756774825839/83227779438224214975720,3266603111780170766371/4161388971911210748786,2973699404605076284358/3467824143259342290655
20,B,brightness_dark,T013-S0,31.86799371222637,33.01132581541705,33.90955473995921,0.8087243620804223,0.8732853619166339,0.9240060206722247,0.8798347613748484,True,True,192406821216142989760669/237913967029732442545680,2308519831139799992123/2643488522552582694952,3053249138020638146753/3304360653190728368690
20,B,brightness_dark,T013-S1,31.859972168981667,33.0338021488812,33.94064918639346,0.8064411249183832,0.8725741666607643,0.9236655120964004,0.8826959918194411,True,True,64099685572131811569781/79484643815280497462060,6935624683944605043665/7948464381528049746206,110125836350161564578173/119226965722920746193090
20,B,brightness_dark,T013-S2,31.8215909436584,32.99264932298417,33.95751329038113,0.8021648387361777,0.8679683210921232,0.9221854379971299,0.8789056673131772,True,True,191783428561003737505253/239082317374021650609680,20751587761394373266485/23908231737402165060968,13779889472808185766514/14942644835876353163105
20,B,brightness_dark,T013-S3,31.893202162858614,33.02460104515895,33.91386236268426,0.8092308580297111,0.8730457095998301,0.9232031561668151,0.8807171150984363,True,True,96372740622815788259947/119091776674781039253840,6931504311635913317719/7939451778318735950256,36648634699890448903253/39697258891593679751280
20,B,contrast_low,T013-S0,29.082148910074356,30.45968143603652,31.43774504912318,0.6806356752084229,0.783364896504114,0.8563038009992103,0.7119183148827519,True,False,20435680888913032427691/30024404587160754525320,3528009688802824386343/4503660688074113178798,38565017656085822946827/45036606880741131787980
20,B,contrast_low,T013-S1,29.057582743836658,30.476070877840232,31.35828367096795,0.6887419276476475,0.7960741666006511,0.8628282493804101,0.7244262063851404,True,False,24456810799957143526341/35509397378329738059668,7067028481111297493989/8877349344582434514917,38298138970621964579836/44386746722912172574585
20,B,contrast_low,T013-S2,29.188503646379836,30.419706294614524,31.33415999507301,0.6926839702693741,0.7850496371547369,0.853652580788542,0.7296730609768155,True,False,62021447900502156527209/89537870894259280256840,14058334611429184469247/17907574178851856051368,1910855864179892729310/2238446772356482006421
20,B,contrast_low,T013-S3,29.127741883758002,30.46808734327758,31.466703330863243,0.6809787660318284,0.7804880597498672,0.8546268356262062,0.7216144784506094,True,False,6161329944621022981733/9047756335376025183006,7061665787287202641715/9047756335376025183006,30929821465677489238297/36191025341504100732024
20,B,gaussian_noise,T013-S0,35.20907369488234,36.08753255492473,36.80514127597335,0.6571111326607165,0.7844699923584683,0.8885088182831147,0.6911112257985675,True,False,60890407221813065783539/92663788810366052475740,7269196169997457735223/9266378881036605247574,16466518698706888799981/18532757762073210495148
20,B,gaussian_noise,T013-S1,35.12950611467442,36.09551254748093,36.81841568205202,0.6455649404456832,0.7856141601165246,0.8904188658162079,0.6930330252161321,True,False,29910732860350287482473/46332647556263823037190,7279916799177830406611/9266529511252764607438,41255463487310531258569/46332647556263823037190
20,B,gaussian_noise,T013-S2,35.17649762206288,36.09161543113013,36.79304363127303,0.6511660796530875,0.7835911997856545,0.8850936650944343,0.6898152200839905,True,False,60452767719782423650771/92837710084636141175320,3637340631528639632701/4641885504231807058766,10271258634723140603294/11604713760579517646915
20,B,gaussian_noise,T013-S3,35.20034378078074,36.12222850659025,36.821870622052764,0.6545252297382995,0.7879109143284196,0.8891407535115154,0.6790991680965003,True,False,5064427182941251274111/7737558390172635800380,2438602682348182542353/3095023356069054320152,20639335492132336621231/23212675170517907401140
20,B,gaussian_blur,T013-S0,37.12925938731382,38.10587181504643,38.72913052571713,0.6952058745746286,0.8042266774938062,0.8738020414090969,0.6736879049950898,False,True,41832526614156953652951/60172861225824319264810,9678524051788114363079/12034572245164863852962,52579168976551580514349/60172861225824319264810
20,B,gaussian_blur,T013-S1,37.178674499440376,38.05129362858017,38.699031845580876,0.7012347482896245,0.7987178712727997,0.8710788156529989,0.6830888405082297,False,False,8432891486638515925401/12025775258866032021826,9605201615166579452211/12025775258866032021826,26188495174505400200434/30064438147165080054565
20,B,gaussian_blur,T013-S2,37.17793720373737,38.078656519211734,38.68336238056019,0.6980164704386475,0.7981887223532579,0.8654402477025694,0.6814149671445016,False,False,84319009752097764559937/120798023145657323585120,9641961975743148780809/12079802314565732358512,104543471073158394012893/120798023145657323585120
20,B,gaussian_blur,T013-S3,37.218882693461595,38.103089823908974,38.74408293254362,0.7009990969969242,0.7991150729518075,0.8702428237563299,0.6793900620838814,False,False,84869087222535135302401/121068753991429909412880,3224928872601531454433/4035625133047663647096,105359214342162399633829/121068753991429909412880
40,A,clean,T013-S0,39.03241545304104,39.50356656378377,39.9020641976546,0.7988039579724657,0.8757100634549986,0.9407569249952323,0.7143079891391769,False,True,8218024074470947463489/10287911060593690422740,3603690899076753042027/4115164424237476169096,77427388591908476831437/82303288484749523381920
40,A,clean,T013-S1,39.05360225470937,39.49866589686613,39.90741301367866,0.798045603230024,0.8703116089236981,0.9366808169940426,0.6758856059222951,False,True,33014412122494353858469/41369079647668293984210,1200133008928493492907/1378969321588943132807,3874962332266955765444/4136907964766829398421
40,A,clean,T013-S2,39.020544530469934,39.469637464614316,39.92588733789443,0.7925675447766569,0.8654776399300688,0.9395496618779585,0.6878753899776595,False,True,32792357026188016970973/41374842109423999391710,3580900070134351049575/4137484210942399939171,19436859457081619997916/20687421054711999695855
40,A,clean,T013-S3,39.01958185021653,39.508412018688986,39.960369456315966,0.781273196538797,0.8595191224329235,0.9318629147204743,0.6739421689612758,False,True,32785890517639748077337/41964693864947716265460,7213891368793229765191/8392938772989543253092,78210683880685170976151/83929387729895432530920
40,A,brightness_dark,T013-S0,33.15913773845395,34.01300432391407,34.63853164515325,0.8706876745162714,0.918304776457492,0.9531882099231715,0.879860569329878,True,True,104876273537555927494297/120452231732603901772200,22122371947002970006153/24090446346520780354440,15308486286193566613467/16060297564347186902960
40,A,brightness_dark,T013-S1,33.17270017105775,34.047480008549016,34.693071640093876,0.8717934947446113,0.9205964188650827,0.9566132062403517,0.8779496321387577,True,True,17494562501284113832724/20067323978379857532575,738956263628076058147/802692959135194301303,57590001394865539628356/60201971935139572597725
40,A,brightness_dark,T013-S2,33.172282758854315,34.01456272809687,34.66569720818813,0.8714262230897774,0.9183974769890951,0.9547091596882229,0.8813678008707797,True,True,2099291423391905690638/2409029436764642023229,11062232783585540356301/12045147183823210116145,114996123461888209728179/120451471838232101161450
40,A,brightness_dark,T013-S3,33.164996612198856,34.016613214377365,34.66999907059675,0.8706955829476677,0.9181698278166557,0.9545934955243349,0.8799656933131276,True,True,209831257440305046020607/240992674764627510416900,2212722026937133510739/2409926747646275104169,115025019899662470371203/120496337382313755208450
40,A,contrast_low,T013-S0,30.72299951958133,31.647121932520463,32.41408490243178,0.7950361843557773,0.8632687997358777,0.919897541344145,0.7196715183764195,False,True,72328952023818505626319/90975673116597952987540,3926823006826453611159/4548783655829897649377,33475319208834836551223/36390269246639181195016
40,A,contrast_low,T013-S1,30.769574041440872,31.66752932233895,32.44920667143209,0.7996274911807738,0.8660237499240098,0.9238222312383656,0.7252358357155446,False,True,18160450512826201575943/22711138265155796274840,15734708100346313291153/18168910612124637019872,20981054426079250457369/22711138265155796274840
40,A,contrast_low,T013-S2,30.665386642977317,31.616600653607236,32.409795638792126,0.7871795156793274,0.8570924576965537,0.9153912152714786,0.7184452994773376,False,True,71941955242971519441979/91392057097530524785080,7833144283166620365619/9139205709753052478508,167318972425337665058227/182784114195061049570160
40,A,contrast_low,T013-S3,30.775495542852436,31.642476080679536,32.33594643454126,0.7965446897689823,0.8603685312477775,0.9114192065559483,0.7200428114089802,False,True,72681577915992257710961/91246076773258911018110,7850525305553070593906/9124607677325891101811,166326853788053557389399/182492153546517822036220
40,A,gaussian_noise,T013-S0,36.057213542976115,36.61393744144521,37.12202820363297,0.786368623000725,0.8677336513398335,0.9419909616114557,0.6703789264762127,False,True,72284644422511662553583/91922086294184480877960,1329398126313799413545/1532034771569741347966,17317954892318010607463/18384417258836896175592
40,A,gaussian_noise,T013-S1,36.043084860853384,36.619671431988344,37.071858556558176,0.7805786953939984,0.8644464194014828,0.9302195519399504,0.6701342134792497,False,True,72094834268205733276487/92360750675901736345780,3992046010750817224226/4618037533795086817289,42957888055287392026889/46180375337950868172890
40,A,gaussian_noise,T013-S2,35.994228182461086,36.63311739465904,37.083421890470696,0.7780755573265362,0.8715586219867016,0.9374477362415862,0.6663254025190188,False,True,71438474843882954349917/91814315680787094695780,4001077922669940457520/4590715784039354734789,43035561194762116898577/45907157840393547347890
40,A,gaussian_noise,T013-S3,36.05881798921896,36.644158734952235,37.10701208278755,0.7850924328896913,0.8704755101322589,0.9379914714561132,0.6729754870404746,False,True,9038274896368838289357/11512370413636061615785,8016989206913099521081/9209896330908849292628,86388042113874495046073/92098963309088492926280
40,A,gaussian_blur,T013-S0,38.06026418920969,38.8227203504789,39.316911204000036,0.7824424406610124,0.86577870404377,0.9197936379146308,0.6595857142243993,False,True,96172530116274017587511/122913233125527856978320,3547188656174976291001/4097107770850928565944,18842468307396395166241/20485538854254642829720
40,A,gaussian_blur,T013-S1,38.113387464683825,38.80661343368077,39.31388091439057,0.7876642154531261,0.8633774439747025,0.9187805310000162,0.6648795644870011,False,True,16147701441361729321021/20500742733465817477720,2654981829120401124449/3075111410019872621658,7534273317819379211151/8200297093386326991088
40,A,gaussian_blur,T013-S2,38.00238457030371,38.73376055425993,39.257429475350364,0.7824033530161437,0.8629901302056613,0.92069067218506,0.6699453520014914,False,True,3974789709825672908867/5080230925011972757555,3507351317960727339537/4064184740009578206044,37418569801636815581381/40641847400095782060440
40,A,gaussian_blur,T013-S3,38.051223640821824,38.72521007060486,39.24198642761951,0.7866238051472405,0.8607776700890648,0.9176348447884561,0.6601717570152287,False,True,48025537954589635983461/61052739111550536294660,2627641726249799635867/3052636955577526814733,14006030194634445127174/15263184777887634073665
40,B,clean,T013-S0,38.76882985640122,39.40249259577012,39.94942778392591,0.7506659360746996,0.8533991233895413,0.9420715221956453,0.6730070556771528,False,True,15550770556587307667931/20715966729359933519680,7071595138801067598681/8286386691743973407872,15612737848385963612191/16572773383487946815744
40,B,clean,T013-S1,38.82566716362982,39.376777144655726,39.87673710205718,0.7740856983216425,0.8651052045659314,0.947676941662553,0.660241936294391,False,True,15741664122626903928484/20335815733009500609305,7037048011888108073603/8134326293203800243722,77087134640286687368163/81343262932038002437220
40,B,clean,T013-S2,38.81085361335119,39.388638906265,39.95773189106372,0.7656063390418694,0.8602854025060976,0.9535400967422187,0.6944691024638237,False,True,7845955694220448572793/10248028646209223879330,7052983559038496931737/8198422916967379103464,78175249813786982249519/81984229169673791034640
40,B,clean,T013-S3,38.811373514406746,39.40271629362451,39.93091088415674,0.754250930739635,0.8497037540643207,0.9349633813110101,0.6766381332071006,False,True,31387315052336835403373/41613889719112107487860,45921400409802859291/54044012622223516218,77814926082569070631681/83227779438224214975720
40,B,brightness_dark,T013-S0,32.997885578384405,33.960430228692594,34.645414706487976,0.8725264265745387,0.9268788276288535,0.9655581253021557,0.8798347613748484,True,True,51896555871156266018999/59478491757433110636420,5512935470926202901067/5947849175743311063642,229719763988427321855097/237913967029732442545680
40,B,brightness_dark,T013-S1,33.022144889240714,33.9898938010509,34.75128500297105,0.8719174020086362,0.9264399310603859,0.9693363615495587,0.8826959918194411,True,True,69304044135001189613657/79484643815280497462060,3681887396829389468377/3974232190764024873103,231142066304899888587233/238453931445841492386180
40,B,brightness_dark,T013-S2,33.02002551560067,34.01635313708207,34.68762967212054,0.8695066293777013,0.9254917350038094,0.9632117448762433,0.8789056673131772,True,True,103941829961847700178763/119541158687010825304840,11063435435760735032419/11954115868701082530484,230286896086887170870679/239082317374021650609680
40,B,brightness_dark,T013-S3,32.85431785193294,33.97439678658333,34.69298720527958,0.8634411423065426,0.9266175092622921,0.9671485205848207,0.8807171150984363,True,True,34276246563796199610277/39697258891593679751280,22070505095201350209221/23818355334956207850768,9598286302069362213151/9924314722898419937820
40,B,contrast_low,T013-S0,30.519651308003446,31.528763703339102,32.30278652285355,0.7878371380898884,0.8630914995070569,0.9208141013441904,0.7119183148827519,False,True,47308681965603296543839/60048809174321509050640,1943535628270434958697/2251830344037056589399,33176274153984979902541/36029285504592905430384
40,B,contrast_low,T013-S1,30.502990612889715,31.520489875955036,32.22781667150955,0.7981110926528469,0.8751018488106682,0.9286228947880102,0.7244262063851404,False,True,35425554926328601273829/44386746722912172574585,7768584823982261948425/8877349344582434514917,16487419692821170462297/17754698689164869029834
40,B,contrast_low,T013-S2,30.5414897483301,31.475957280551246,32.28764694202231,0.7941859153573304,0.8642903103731154,0.9251838253385241,0.7296730609768155,False,True,71109715955303779172531/89537870894259280256840,3869335711267364641465/4476893544712964012842,20709747476654423729733/22384467723564820064210
40,B,contrast_low,T013-S3,30.584830126369326,31.541607765029845,32.283094027908994,0.7891552222411711,0.8601878552031589,0.9152369276618211,0.7216144784506094,False,True,142801683232552615634627/180955126707520503660120,5188513411018597205047/6031837556917350122004,18401868245827401209559/20106125189724500406680
40,B,gaussian_noise,T013-S0,36.018754130541616,36.679940101397435,37.188110346747905,0.7744985046773964,0.8703571670765482,0.9440316280263075,0.6911112257985675,False,True,35883982935685283657363/46331894405183026237870,4032529635978486972929/4633189440518302623787,17495509481947158854059/18532757762073210495148
40,B,gaussian_noise,T013-S1,36.01872123824039,36.63987327388669,37.18548390460048,0.7744811463275845,0.8645342297594251,0.9436355074326834,0.6930330252161321,False,True,17941880995883581512686/23166323778131911518595,8011231953553890894447/9266529511252764607438,43721131387454692614119/46332647556263823037190
40,B,gaussian_noise,T013-S2,36.0260320685887,36.65638318711057,37.16206379086895,0.7741007444834037,0.8653177678752227,0.9384939360558728,0.6898152200839905,False,True,35932870246325614889741/46418855042318070587660,4016706003254220164967/4641885504231807058766,21781906987936041559651/23209427521159035293830
40,B,gaussian_noise,T013-S3,36.04522247635461,36.64505840883816,37.14595666506448,0.7767690635384215,0.8635581427541721,0.9360321245289303,0.6790991680965003,False,True,72123551817699045769687/92850700682071629604560,668183155286944270843/773755839017263580038,28970412874479765685803/30950233560690543201520
40,B,gaussian_blur,T013-S0,38.095612411945886,38.72843836164852,39.247919963776084,0.8030814039628421,0.8737247740301767,0.9317153338033872,0.6736879049950898,False,True,48323705873696261372673/60172861225824319264810,618523759732735651887/707916014421462579586,56063977482923803120967/60172861225824319264810
40,B,gaussian_blur,T013-S1,38.076629550120906,38.68075992334562,39.259420379846446,0.8015482295275889,0.8690375997514469,0.9336816426824998,0.6830888405082297,False,True,96392388674407495395747/120257752588660320218260,10450850866115272044797/12025775258866032021826,8637111998637385276381/9250596352973870786020
40,B,gaussian_blur,T013-S2,38.078052557538115,38.68392555399721,39.24174508220774,0.7981215535917163,0.8655028802568361,0.9275400069652446,0.6814149671445016,False,True,9641150590382012949827/12079802314565732358512,10455103696189836504777/12079802314565732358512,112044999229910776966383/120798023145657323585120
40,B,gaussian_blur,T013-S3,38.068181417371676,38.69319496792769,39.27825249336771,0.7952414643158942,0.8645960446921039,0.9295169078265738,0.6793900620838814,False,True,96278893207045482058457/121068753991429909412880,5233778291839583515963/6053437699571495470644,112535453844530096216611/121068753991429909412880
80,A,clean,T013-S0,39.458558727274806,39.85246410985139,40.13074639071512,0.8683634238245783,0.9326606911170541,0.9780847726018402,0.7143079891391769,False,True,71469165380639082346781/82303288484749523381920,7676104191939276959633/8230328848474952338192,80499593201989897715443/82303288484749523381920
80,A,clean,T013-S1,39.44262612333671,39.826075569315115,40.10492115915676,0.8612123021968578,0.9234738693561706,0.9687506681652159,0.6758856059222951,False,True,71255120646267180717203/82738159295336587968420,3820326405393584779163/4136907964766829398421,2428868093942951282567/2507216948343532968740
80,A,clean,T013-S2,39.48171893203026,39.805117558282106,40.140278822162465,0.8674390623260092,0.919942726534014,0.974356051223283,0.6878753899776595,False,True,71780308486570870323823/82749684218847998783420,3806248506005785004620/4137484210942399939171,80627655555450351401323/82749684218847998783420
80,A,clean,T013-S3,39.440517559465924,39.831185156566725,40.141543070353336,0.8486514117889778,0.9111846796261664,0.9608629603237115,0.6739421689612758,False,True,1978522038543340931977/2331371881385984236970,424862068166028186801/466274376277196847394,20161159988075980099313/20982346932473858132730
80,A,brightness_dark,T013-S0,34.05123273964452,34.72730767157162,35.17170382008621,0.9204366392096894,0.9581389331062579,0.9829213254219169,0.879860569329878,False,True,36956215787088215985773/40150743910867967257400,11540997280254484101077/12045223173260390177220,15786008968618521416123/16060297564347186902960
80,A,brightness_dark,T013-S1,34.091777772813806,34.71784003405765,35.182067813671345,0.9230677383165243,0.9579950054078619,0.9838937197267411,0.8779496321387577,False,True,55570498076364157078168/60201971935139572597725,3844879228637865660151/4013464795675971506515,59232342102149351358643/60201971935139572597725
80,A,brightness_dark,T013-S2,34.07996187069665,34.71652140545511,35.18863366239885,0.9220445775305153,0.9575434622494047,0.9838716494314251,0.8813678008707797,False,True,44424650585604589772273/48180588735292840464580,11533751937701743227592/12045147183823210116145,237017576547848535058327/240902943676464202322900
80,A,brightness_dark,T013-S3,34.07847342633473,34.70856041111803,35.17492751460046,0.9216182890638873,0.9567431371796297,0.9827412518393586,0.8799656933131276,False,True,222103256593505849361277/240992674764627510416900,4611361753832398062471/4819853495292550208338,236833442882305431732719/240992674764627510416900
80,A,contrast_low,T013-S0,31.71842300003622,32.44676046530882,32.96322458139268,0.868533316912255,0.9223101428381679,0.9604432915389935,0.7196715183764195,False,True,158030806260567769446479/181951346233195905975080,8390778606696793633313/9097567311659795298754,174753949876161722609303/181951346233195905975080
80,A,contrast_low,T013-S1,31.721873937893786,32.480212968561474,32.97414765651963,0.8700420782666772,0.9261148867532518,0.9626372125767931,0.7252358357155446,False,True,158077167488144054391473/181689106121246370198720,16826498593977763690085/18168910612124637019872,87450347336062883862253/90844553060623185099360
80,A,contrast_low,T013-S2,31.724051712042257,32.459575629785746,32.913800476069326,0.8649899650230937,0.9190499772168063,0.9524348884840171,0.7184452994773376,False,True,19763303068045376447489/22848014274382631196270,16798773598656496931125/18278411419506104957016,29014994570003803825991/30464019032510174928360
80,A,contrast_low,T013-S3,31.714620615176877,32.4785765988752,33.00924787670883,0.8656795401256238,0.9219191019992291,0.9609851225568407,0.7200428114089802,False,True,31595944711736854641071/36498430709303564407244,16824300231951114052015/18249215354651782203622,175372244541562202052101/182492153546517822036220
80,A,gaussian_noise,T013-S0,36.549969155456886,36.981669498336075,37.300378026826195,0.8583847058094618,0.9214775795462583,0.9680567339957488,0.6703789264762127,False,True,13150752166837584231587/15320347715697413479660,8470414158520739583133/9192208629418448087796,88985794640023611407189/91922086294184480877960
80,A,gaussian_noise,T013-S1,36.556232560470264,37.017084062267706,37.29975997215556,0.8552188826634141,0.9222522970648324,0.9633690805295824,0.6701342134792497,False,True,78988657994998849157587/92360750675901736345780,8517991446948264218895/9236075067590173634578,44488745727832731007401/46180375337950868172890
80,A,gaussian_noise,T013-S2,36.552089680808066,36.96592742446166,37.29601069293724,0.8597025460527589,0.9202557997470772,0.9685539943964813,0.6663254025190188,False,True,3946650047743220203308/4590715784039354734789,4224632825252666916535/4590715784039354734789,44463561097702912642167/45907157840393547347890
80,A,gaussian_noise,T013-S3,36.58093011030063,37.02140589408528,37.33734558190415,0.8612524130184461,0.9255041811458316,0.9715899917880382,0.6729754870404746,False,True,9915056798306224776224/11512370413636061615785,8523797562175793417079/9209896330908849292628,89482431005164121400859/92098963309088492926280
80,A,gaussian_blur,T013-S0,38.81880248864944,39.25459135529392,39.60797357153908,0.8653504827480384,0.9129820943930972,0.951606680229962,0.6595857142243993,False,True,8863585468441475889789/10242769427127321414860,467573254198214285560/512138471356366070743,116965053730914954500837/122913233125527856978320
80,A,gaussian_blur,T013-S1,38.83049804250364,39.243014200134624,39.60325547889111,0.8659860895344911,0.911040561681213,0.9503856403153267,0.6648795644870011,False,True,2663003704846004629883/3075111410019872621658,215503940478216261893/236547031539990201666,116901669058108146806159/123004456400794904866320
80,A,gaussian_blur,T013-S2,38.823339464924906,39.179452143315686,39.55415331164196,0.87286039648866,0.9120987276580879,0.9533852344985546,0.6699453520014914,False,True,17737329517839609984221/20320923700047891030220,11120813190990459165115/12192554220028734618132,38747337213994789748039/40641847400095782060440
80,A,gaussian_blur,T013-S3,38.7488410156675,39.16387319760094,39.560161185421684,0.8633776125080647,0.9090406095739112,0.9526413181762887,0.6601717570152287,False,True,105423136262416483993207/122105478223101072589320,5549941917812086693285/6105273911155053629466,116322723731001122185477/122105478223101072589320
80,B,clean,T013-S0,39.46181785049184,39.813415799605714,40.11762297683548,0.8630172879543333,0.9200204470824912,0.9693403312719743,0.6730070556771528,False,True,17878237424124410618829/20715966729359933519680,7623645188836695411701/8286386691743973407872,80323288208227825399471/82863866917439734078720
80,B,clean,T013-S1,39.427359528498386,39.77458413259155,40.05897821621714,0.8734592241999927,0.9308056942486681,0.9777752828273604,0.660241936294391,False,True,35525011667256966162339/40671631466019001218610,3785738616295379154680/4067163146601900121861,3976771595973689720568/4067163146601900121861
80,B,clean,T013-S2,39.455523810567186,39.81318634241132,40.098441155960586,0.8712455293506031,0.9298540712545921,0.9765974877567772,0.6944691024638237,False,True,71428393141333598941579/81984229169673791034640,1905834231802266474035/2049605729241844775866,80065592242779315760967/81984229169673791034640
80,B,clean,T013-S3,39.41529921491559,39.81806828927777,40.111560590948415,0.8517348524477233,0.9167486594085462,0.9641233290639059,0.6766381332071006,False,True,6444363676306142074937/7566161767111292270520,635824626879518473644/693564828651868458131,20060460945644306585249/20806944859556053743930
80,B,brightness_dark,T013-S0,33.9783839981563,34.58073878354377,34.936679929216425,0.9278926304462248,0.9619060436025735,0.9820051173391923,0.8798347613748484,False,True,44151723337422967398241/47582793405946488509136,22885088274336303690923/23791396702973244254568,38938788851610853529741/39652327838288740424280
80,B,brightness_dark,T013-S1,34.067383554850885,34.6064648394288,34.975898151820154,0.9308056681862172,0.9611772600743195,0.9819909631554884,0.8826959918194411,False,True,5284625499787545776723/5677474558234321247290,7639883216035451104777/7948464381528049746206,234159605808714687553387/238453931445841492386180
80,B,brightness_dark,T013-S2,34.058450230273074,34.555834367007556,34.97294444293177,0.9278572322137998,0.9558059740046045,0.979243998962309,0.8789056673131772,False,True,221834257269920984990737/239082317374021650609680,22851630722495475397381/23908231737402165060968,58529981136628220118401/59770579343505412652420
80,B,brightness_dark,T013-S3,34.04803769065768,34.55059381976137,34.92548693774712,0.9307711136510816,0.9591170359302341,0.9802623181584421,0.8807171150984363,False,True,2285508981490141281811/2455500549995485345440,7614863456532091879621/7939451778318735950256,233482362153656692788157/238183553349562078507680
80,B,contrast_low,T013-S0,31.403555681645788,32.10745168461591,32.719544662275034,0.8537541355420615,0.9062470436189602,0.9518937588655297,0.7119183148827519,False,True,15380075750085920353849/18014642752296452715192,5441905578706796200733/6004880917432150905064,171480260041031435165221/180146427522964527151920
80,B,contrast_low,T013-S1,31.352750333321108,32.117493531081124,32.726965810594116,0.8624095602815861,0.9202751128174351,0.966391835807065,0.7244262063851404,False,True,76559109447273638277911/88773493445824345149170,16339207339210767007529/17754698689164869029834,85789979302116642232107/88773493445824345149170
80,B,contrast_low,T013-S2,31.388711044557315,32.11865061850553,32.69359860586422,0.857745037925585,0.9125056052703792,0.9556385975141221,0.7296730609768155,False,True,153601328931945119847973/179075741788518560513680,16340761814997425151375/17907574178851856051368,85565845365790468849219/89537870894259280256840
80,B,contrast_low,T013-S3,31.413046841520796,32.14711747280862,32.73905648052777,0.8506432959201292,0.9051418205652518,0.9490882764314899,0.7216144784506094,False,True,30785653079225968103617/36191025341504100732024,1819889475874010414993/2010612518972450040668,42935597329570625283587/45238781676880125915030
80,B,gaussian_noise,T013-S0,36.589458833285576,37.0681419185082,37.39915141375011,0.8572392037263052,0.9266386197531565,0.9746283364953874,0.6911112257985675,False,True,19858758133515176238644/23165947202591513118935,8586584536433559282187/9266378881036605247574,90312754341606953674701/92663788810366052475740
80,B,gaussian_noise,T013-S1,36.66517516329014,37.08216203405576,37.41831795079258,0.8682024350081788,0.9286561585864455,0.9773912106812347,0.6930330252161321,False,True,80452234857447992060937/92665295112527646074380,8605419699347924457365/9266529511252764607438,90570244978167299109121/92665295112527646074380
80,B,gaussian_noise,T013-S2,36.594237981299884,37.05483223401537,37.392194059727004,0.8563248423047636,0.9229766423723291,0.9717956904286021,0.6898152200839905,False,True,9937404681020175156874/11604713760579517646915,778973072176847102031/843979182587601283412,9021928656950937623171/9283771008463614117532
80,B,gaussian_noise,T013-S3,36.62946634462197,37.08048611691165,37.41688706834834,0.861302157703738,0.9265593199131601,0.9752325107665496,0.6790991680965003,False,True,19993127210443057860877/23212675170517907401140,8603168207744068357085/9285070068207162960456,90551021952610090963961/92850700682071629604560
80,B,gaussian_blur,T013-S0,38.734913926214375,39.24553778763843,39.596153064156624,0.8744476516306222,0.9314494076817781,0.9705891502001982,0.6736879049950898,False,True,3006743839475279869891/3438449212904246815132,5604797594731189653849/6017286122582431926481,116806252484574564223269/120345722451648638529620
80,B,gaussian_blur,T013-S1,38.68582603370381,39.19334798988094,39.49466684021467,0.86960355142796,0.9263004809571673,0.9599617904143499,0.6830888405082297,False,True,52288284368921978442523/60128876294330160109130,11139481406170408990697/12025775258866032021826,115442847486216291181011/120257752588660320218260
80,B,gaussian_blur,T013-S2,38.71818440334084,39.276324079072275,39.5524201103961,0.8693129307662415,0.9313856622380469,0.96209130019567,0.6814149671445016,False,True,105011283531519646933389/120798023145657323585120,11250954678456495769021/12079802314565732358512,116218727149272094066197/120798023145657323585120
80,B,gaussian_blur,T013-S3,38.72377065368425,39.2376139653899,39.54297625940614,0.8679888733011392,0.9250074567074726,0.9588919600840363,0.6793900620838814,False,True,105086331368994042014161/121068753991429909412880,5599475010817763142839/6053437699571495470644,2579818995994982633833/2690416755365109098064
160,A,clean,T013-S0,39.77583116324116,40.02684972533883,40.235020040471994,0.9201518774030141,0.961125695727085,0.9951053847247948,0.7143079891391769,False,True,9466440676960518460097/10287911060593690422740,7910380540553186871515/8230328848474952338192,10237555693966556243029/10287911060593690422740
160,A,clean,T013-S1,39.727508297365354,40.03507984595959,40.22400937356211,0.9074692750437413,0.9574103737464162,0.9880872950317966,0.6758856059222951,False,True,75082337434192675808057/82738159295336587968420,3960718600701936106514/4136907964766829398421,27250841338013008223479/27579386431778862656140
160,A,clean,T013-S2,39.77232110181597,40.02612562500825,40.230114454420956,0.9146182322482236,0.9558233159389102,0.9889408375740465,0.6878753899776595,False,True,75684369899341479171341/82749684218847998783420,7909407756295700952155/8274968421884799878342,81834542020375395007927/82749684218847998783420
160,A,clean,T013-S3,39.78999216294318,40.056376068849545,40.26343939589329,0.904591011447917,0.9472304733822553,0.9803746260721053,0.6739421689612758,False,True,75921769736790504104209/83929387729895432530920,2650015789002389953645/2797646257663181084364,5485482807477131802917/5595292515326362168728
160,A,brightness_dark,T013-S0,34.73548920470696,35.1058710694679,35.327860263679234,0.9585951881043743,0.9792500671121968,0.9916296147729293,0.879860569329878,False,True,1184255689592893457457/1235407504949783607920,23590571201593250403973/24090446346520780354440,59722000075770806984263/60226115866301950886100
160,A,brightness_dark,T013-S1,34.7522781442267,35.101549976023506,35.36329426706348,0.9599162665131158,0.979401725566998,0.9940041274824601,0.8779496321387577,False,True,231155408546826224261407/240807887740558290390900,786158869277489088967/802692959135194301303,47872806868889571170341/48161577548111658078180
160,A,brightness_dark,T013-S2,34.730079207331734,35.11093654193563,35.36650474870534,0.9582995373996144,0.9795387300865597,0.993790949736955,0.8813678008707797,False,True,46171435896672199015173/48180588735292840464580,23597376352295776048153/24090294367646420232290,239407165190661553004497/240902943676464202322900
160,A,brightness_dark,T013-S3,34.613310125950036,35.110620470390586,35.35093598772119,0.9514333119010492,0.9791563894073547,0.9925530255067286,0.8799656933131276,False,True,45857691739040391969029/48198534952925502083380,23596951729615361222841/24099267476462751041690,119599004231295048407959/120496337382313755208450
160,A,contrast_low,T013-S0,32.38151134979754,32.927383985106204,33.28888380574664,0.9174924717804855,0.9577969996763916,0.9844883534152166,0.7196715183764195,False,True,20867373799910231274063/22743918279149488246885,17427245350923537020447/18195134623319590597508,179128981254801006414631/181951346233195905975080
160,A,contrast_low,T013-S1,32.43279192165508,32.94041305426498,33.28761004392706,0.9226084982200471,0.9601428217896933,0.9858151260245103,0.7252358357155446,False,True,167627913341465872283021/181689106121246370198720,5814916367990017892215/6056303537374879006624,17911186904819710808141/18168910612124637019872
160,A,contrast_low,T013-S2,32.348798697712176,32.89234543721686,33.24819359014909,0.9109080226804378,0.9508579721744304,0.977012329663775,0.7184452994773376,False,True,83249758019409199925729/91392057097530524785080,5793391072307175393527/6092803806502034985672,3968496294116579989937/4061869204334689990448
160,A,contrast_low,T013-S3,32.40562784890056,32.95217298550167,33.309311915389024,0.9165488898072379,0.9567834840541419,0.9830747068123424,0.7200428114089802,False,True,16726298073159290610943/18249215354651782203622,17460547848278075343843/18249215354651782203622,35880684068659196359207/36498430709303564407244
160,A,gaussian_noise,T013-S0,36.87273175784208,37.209670092298595,37.44635103641304,0.9055563619249816,0.9547997969687682,0.9893906449243774,0.6703789264762127,False,True,41620315022557955143021/45961043147092240438980,1462786488843882142461/1532034771569741347966,22736713060349366214983/22980521573546120219490
160,A,gaussian_noise,T013-S1,36.854605992417085,37.22800439082773,37.48841438356685,0.8986189580283754,0.9529318320883758,0.9908099140507174,0.6701342134792497,False,True,4149856076754869355457/4618037533795086817289,4400674967732236886718/4618037533795086817289,91511947438849940807221/92360750675901736345780
160,A,gaussian_noise,T013-S2,36.834175945479664,37.17911214656968,37.42655802851045,0.9009777593707592,0.9514492536055668,0.987655843010606,0.6663254025190188,False,True,82722656420235117055071/91814315680787094695780,68784773326606898867/72294736756525271414,18136189070829937152011/18362863136157418939156
160,A,gaussian_noise,T013-S3,36.85499486597051,37.223710981788614,37.45897116172706,0.9012299686104672,0.9550142247500906,0.9893313951541782,0.6729754870404746,False,True,10375293226513299875077/11512370413636061615785,8795582004491618412639/9209896330908849292628,45558197931416993636577/46049481654544246463140
160,A,gaussian_blur,T013-S0,39.20555969572399,39.56039332536493,39.83489853542311,0.9076229465448965,0.9464061714946337,0.9764095207327945,0.6595857142243993,False,True,3718629027291712420227/4097107770850928565944,3877528079611940122415/4097107770850928565944,60006825523907448886483/61456616562763928489160
160,A,gaussian_blur,T013-S1,39.17063339399822,39.54421913109196,39.76758361120918,0.9031352252387386,0.9439377680602464,0.9683333427834335,0.6648795644870011,False,True,534084891523560150289/591367578849975504165,11610855203643023657261/12300445640079490486632,59554658221920418337737/61502228200397452433160
160,A,gaussian_blur,T013-S2,39.158651999810466,39.483932383570675,39.74065228578054,0.9098068605925359,0.9456479305554975,0.9739346531350287,0.6699453520014914,False,True,18488115795881031387129/20320923700047891030220,11529863666355870203839/12192554220028734618132,23749502130227432510071/24385108440057469236264
160,A,gaussian_blur,T013-S3,39.13123977554768,39.48945859006577,39.77692950366094,0.9054501895526854,0.9448624216356768,0.9764907725333366,0.6601717570152287,False,True,22112085680505633132913/24421095644620214517864,11537287784886167156321/12210547822310107258932,119234872760628475626553/122105478223101072589320
160,B,clean,T013-S0,39.674629860288555,39.98354104596523,40.146054130510436,0.8975196418201584,0.9476021679497197,0.9739497596864896,0.6730070556771528,False,True,18592987038893447210411/20715966729359933519680,7852197993566294876521/8286386691743973407872,20176310817733420729699/20715966729359933519680
160,B,clean,T013-S1,39.64676461899813,39.933953046501586,40.12536643484298,0.9096954450856952,0.9571265382801571,0.9887397419876055,0.660241936294391,False,True,73997595777683048177407/81343262932038002437220,7785579566255416142047/8134326293203800243722,2872404171566185901132/2905116533287071515615
160,B,clean,T013-S2,39.69338808514143,39.942960160991795,40.138412840005216,0.910223272509682,0.9511195201264603,0.9831474668871711,0.6944691024638237,False,True,4663997085562763046358/5124014323104611939665,3898840035289894157269/4099211458483689551732,20150646808215528107461/20496057292418447758660
160,B,clean,T013-S3,39.68093847281608,39.97945080790252,40.15895596094007,0.8946135651733903,0.9427985539525519,0.9717737511832156,0.6766381332071006,False,True,24818900161564783129347/27742593146074738325240,7846703010303971724011/8322777943822421497572,16175714285466489651235/16645555887644842995144
160,B,brightness_dark,T013-S0,34.37534713914795,34.87805658447592,35.1841817793764,0.9503081099110476,0.9786948090397686,0.9959809051816293,0.8798347613748484,False,True,75363857443154779916021/79304655676577480848560,23284516453005778705495/23791396702973244254568,7898592274587507479861/7930465567657748084856
160,B,brightness_dark,T013-S1,34.37764444552564,34.88801029091639,35.20766262057952,0.9482856242150947,0.9770394014529202,0.9950484668394342,0.8826959918194411,False,True,18843536268971932464391/19871160953820124365515,3882981440899010687189/3974232190764024873103,23727321889702010477935/23845393144584149238618
160,B,brightness_dark,T013-S2,34.42789873271718,34.88375211513817,35.25264870028592,0.948617083679111,0.974232151669409,0.9949609900949655,0.8789056673131772,False,True,226797570666588074326923/239082317374021650609680,23292168048140164987965/23908231737402165060968,23787757920865535177441/23908231737402165060968
160,B,brightness_dark,T013-S3,34.355723409243176,34.84488800818644,35.20257788708583,0.9481256636413182,0.9757162568116536,0.9958912162244556,0.8807171150984363,False,True,225827939588000859355429/238183553349562078507680,3873326085138892047109/3969725889159367975128,237204908629957891208173/238183553349562078507680
160,B,contrast_low,T013-S0,32.21805418745544,32.676158638098066,33.022534034711214,0.9144952038445221,0.9486582545164016,0.9744891326259417,0.7119183148827519,False,True,54914347986491956667203/60048809174321509050640,17089739549130098669321/18014642752296452715192,87775367951257886035939/90073213761482263575960
160,B,contrast_low,T013-S1,32.223697438716854,32.66121342403969,33.039305908875846,0.9283112062600556,0.9614165732749275,0.9900255633369249,0.7244262063851404,False,True,41204714392306167917889/44386746722912172574585,8534830786632867718140/8877349344582434514917,35155211143235624461547/35509397378329738059668
160,B,contrast_low,T013-S2,32.20444558434767,32.62729688766792,33.0183131214804,0.9189420024360109,0.9506645971530708,0.97999890312689,0.7296730609768155,False,True,82280110373427640604103/89537870894259280256840,2128012099090866553684/2238446772356482006421,175494030529382357342873/179075741788518560513680
160,B,contrast_low,T013-S3,32.25148837091484,32.691793268241035,33.07106046952894,0.9128904754224785,0.9455793833770199,0.9737367595687543,0.7216144784506094,False,True,1376601763751360203886/1507959389229337530501,17110743713100772622533/18095512670752050366012,7341777446147265146366/7539796946146687652505
160,B,gaussian_noise,T013-S0,36.9149381738138,37.321325883133305,37.524278511217545,0.9044271593043849,0.9633452004424933,0.9927692480116914,0.6911112257985675,False,True,83807647284140818984329/92663788810366052475740,8926721620528294978555/9266378881036605247574,9199375993518129590065/9266378881036605247574
160,B,gaussian_noise,T013-S1,36.93485267315376,37.3290733339123,37.522525225707035,0.9072996123524849,0.9644527471995847,0.9924989232597052,0.6930330252161321,False,True,84075186334124943380411/92665295112527646074380,4468564922066877212097/4633264755626382303719,22992551405681627538058/23166323778131911518595
160,B,gaussian_noise,T013-S2,36.94449788427462,37.315122120954854,37.49809524521201,0.907010348880499,0.960642743070759,0.9871204683654755,0.6898152200839905,False,True,12029251973304635526639/13262530012090877310760,4459193623805636622743/4641885504231807058766,13091714837246323130377/13262530012090877310760
160,B,gaussian_noise,T013-S3,36.94328701744588,37.32201482358471,37.51370041044031,0.9067082525345141,0.9615056325982563,0.9892402424827422,0.6790991680965003,False,True,84188496562046388705967/92850700682071629604560,8927647169650662851443/9285070068207162960456,91851649657425062505497/92850700682071629604560
160,B,gaussian_blur,T013-S0,39.1995812895439,39.50733993443861,39.76276567829465,0.9263192105028919,0.9606747988806034,0.9891883820489696,0.6736879049950898,False,True,55739277304405657313987/60172861225824319264810,1651615753033978101963/1719224606452123407566,119044590478460679387563/120345722451648638529620
160,B,gaussian_blur,T013-S1,39.13626008761543,39.4441216266111,39.68729578084124,0.9199230055941342,0.9543152200958828,0.9814809963108904,0.6830888405082297,False,True,27656968301839044191599/30064438147165080054565,11476380362988358439573/12025775258866032021826,118030698824826879885647/120257752588660320218260
160,B,gaussian_blur,T013-S2,39.196814436379356,39.52506588769169,39.79447291306528,0.9225431073814532,0.9590491381807129,0.9890108676003557,0.6814149671445016,False,True,6965086477395713498267/7549876446603582724070,11585123999177646161853/12079802314565732358512,119470557675694399616963/120798023145657323585120
160,B,gaussian_blur,T013-S3,39.12989547664541,39.48814836466824,39.761619405211945,0.9130544829215649,0.9528079869780529,0.9831536798755616,0.6793900620838814,False,True,5527118428680159053159/6053437699571495470644,961293964804295349175/1008906283261915911774,59514595502311699058213/60534376995714954706440
