client,target,n_query,none,oracle_correct_pair,oracle_target_permuted,oracle_wrong_alt,oracle_noise_source,oracle_target_permuted_delta,oracle_wrong_alt_delta,oracle_noise_source_delta
0,brightness_dark,178,6.741572916507721,31.460675597190857,5.056179687380791,4.494382068514824,5.056179687380791,26.404495909810066,26.966293528676033,26.404495909810066
1,brightness_dark,99,0.0,14.141413569450378,0.0,0.0,0.0,14.141413569450378,14.141413569450378,14.141413569450378
2,brightness_dark,140,0.0,1.4285714365541935,0.0,0.0,0.0,1.4285714365541935,1.4285714365541935,1.4285714365541935
3,brightness_dark,216,0.0,14.351852238178253,0.0,0.0,0.0,14.351852238178253,14.351852238178253,14.351852238178253
4,brightness_dark,105,0.0,1.904761977493763,0.0,0.0,0.0,1.904761977493763,1.904761977493763,1.904761977493763
5,brightness_dark,158,25.316455960273743,31.012660264968872,0.6329114083200693,26.582279801368713,0.0,30.379748856648803,4.430380463600159,31.012660264968872
6,brightness_dark,261,29.885056614875793,47.12643623352051,54.7892689704895,21.45593762397766,54.7892689704895,-7.662832736968994,25.670498609542847,-7.662832736968994
7,brightness_dark,197,3.553299605846405,22.335025668144226,1.5228426083922386,1.5228426083922386,0.0,20.812183059751987,20.812183059751987,22.335025668144226
8,brightness_dark,193,0.5181347019970417,11.398963630199432,0.0,0.0,0.0,11.398963630199432,11.398963630199432,11.398963630199432
9,brightness_dark,176,0.0,26.13636553287506,0.0,0.0,0.0,26.13636553287506,26.13636553287506,26.13636553287506
10,brightness_dark,282,20.21276503801346,16.66666567325592,10.992907732725143,21.631205081939697,23.404254019260406,5.673757940530777,-4.964539408683777,-6.737588346004486
11,brightness_dark,180,52.77777910232544,62.77778148651123,20.555555820465088,56.66666626930237,57.777780294418335,42.22222566604614,6.111115217208862,5.0000011920928955
12,brightness_dark,164,12.195121496915817,20.73170691728592,6.707316637039185,11.585365235805511,6.707316637039185,14.024390280246735,9.146341681480408,14.024390280246735
13,brightness_dark,80,18.75,61.250001192092896,76.2499988079071,10.000000149011612,76.2499988079071,-14.999997615814209,51.250001043081284,-14.999997615814209
14,brightness_dark,71,88.73239159584045,67.60563254356384,92.95774698257446,92.95774698257446,97.183096408844,-25.35211443901062,-25.35211443901062,-29.57746386528015
15,brightness_dark,236,0.0,0.42372881434857845,0.0,0.0,0.0,0.42372881434857845,0.42372881434857845,0.42372881434857845
16,brightness_dark,21,19.0476194024086,57.14285969734192,9.5238097012043,9.5238097012043,9.5238097012043,47.61904999613762,47.61904999613762,47.61904999613762
17,brightness_dark,87,13.793103396892548,68.96551847457886,75.86206793785095,6.896551698446274,77.01149582862854,-6.896549463272095,62.068966776132584,-8.045977354049683
18,brightness_dark,10,0.0,10.000000149011612,0.0,0.0,0.0,10.000000149011612,10.000000149011612,10.000000149011612
19,brightness_dark,91,57.14285969734192,47.25274741649628,65.93406796455383,61.538463830947876,65.93406796455383,-18.681320548057556,-14.2857164144516,-18.681320548057556
20,brightness_dark,152,53.28947305679321,71.71052694320679,100.0,36.84210479259491,100.0,-28.289473056793213,34.86842215061188,-28.289473056793213
21,brightness_dark,242,0.0,0.826446246355772,0.0,0.0,0.0,0.826446246355772,0.826446246355772,0.826446246355772
22,brightness_dark,175,51.4285683631897,69.1428542137146,52.57142782211304,52.57142782211304,69.71428394317627,16.571426391601562,16.571426391601562,-0.5714297294616699
23,brightness_dark,140,21.42857164144516,37.142857909202576,27.142858505249023,19.285714626312256,27.142858505249023,9.999999403953552,17.85714328289032,9.999999403953552
24,brightness_dark,179,0.5586592014878988,1.6759775578975677,0.5586592014878988,0.5586592014878988,0.5586592014878988,1.117318356409669,1.117318356409669,1.117318356409669
25,brightness_dark,36,11.11111119389534,38.88888955116272,11.11111119389534,8.33333358168602,8.33333358168602,27.77777835726738,30.5555559694767,30.5555559694767
26,brightness_dark,284,51.05633735656738,72.88732528686523,94.71830725669861,38.38028013706207,94.71830725669861,-21.830981969833374,34.50704514980316,-21.830981969833374
27,brightness_dark,195,22.564102709293365,82.05128312110901,98.46154451370239,16.410256922245026,98.46154451370239,-16.410261392593384,65.64102619886398,-16.410261392593384
28,brightness_dark,26,3.8461539894342422,11.538462340831757,0.0,3.8461539894342422,0.0,11.538462340831757,7.692308351397514,11.538462340831757
29,brightness_dark,382,21.204188466072083,77.74869203567505,100.0,15.445026755332947,100.0,-22.25130796432495,62.3036652803421,-22.25130796432495
30,brightness_dark,275,38.18181753158569,25.45454502105713,30.181819200515747,40.00000059604645,42.90909171104431,-4.727274179458618,-14.545455574989319,-17.454546689987183
31,brightness_dark,202,11.386138200759888,64.85148668289185,97.02970385551453,11.386138200759888,98.01980257034302,-32.17821717262268,53.46534848213196,-33.16831588745117
32,brightness_dark,198,7.070706784725189,27.272728085517883,23.232322931289673,7.070706784725189,23.232322931289673,4.0404051542282104,20.202021300792694,4.0404051542282104
33,brightness_dark,264,1.515151560306549,23.48484992980957,0.0,1.515151560306549,0.0,23.48484992980957,21.96969836950302,23.48484992980957
34,brightness_dark,102,15.686275064945221,29.411765933036804,4.901960864663124,15.686275064945221,4.901960864663124,24.50980506837368,13.725490868091583,24.50980506837368
35,brightness_dark,175,11.428571492433548,71.42857313156128,72.57142663002014,7.428571581840515,75.42856931686401,-1.1428534984588623,64.00000154972076,-3.9999961853027344
36,brightness_dark,18,5.55555559694767,16.66666716337204,16.66666716337204,5.55555559694767,16.66666716337204,0.0,11.11111156642437,0.0
37,brightness_dark,80,38.75000178813934,28.749999403953552,21.250000596046448,37.5,31.25,7.4999988079071045,-8.750000596046448,-2.5000005960464478
38,brightness_dark,25,11.999999731779099,71.99999690055847,91.99999570846558,11.999999731779099,95.99999785423279,-19.999998807907104,59.99999716877937,-24.000000953674316
39,brightness_dark,160,84.375,55.62500357627869,92.5000011920929,93.12500357627869,100.0,-36.87499761581421,-37.5,-44.37499642372131
40,brightness_dark,250,0.4000000189989805,1.2000000104308128,0.0,0.4000000189989805,0.0,1.2000000104308128,0.7999999914318323,1.2000000104308128
41,brightness_dark,100,1.9999999552965164,11.999999731779099,63.999998569488525,1.9999999552965164,76.99999809265137,-51.99999883770943,9.999999776482582,-64.99999836087227
42,brightness_dark,320,54.06250357627869,60.00000238418579,46.25000059604645,54.374998807907104,37.5,13.750001788139343,5.6250035762786865,22.50000238418579
43,brightness_dark,198,0.0,7.575757801532745,0.0,0.0,0.0,7.575757801532745,7.575757801532745,7.575757801532745
44,brightness_dark,74,4.054054245352745,18.918919563293457,0.0,4.054054245352745,0.0,18.918919563293457,14.864865317940712,18.918919563293457
45,brightness_dark,13,76.92307829856873,46.153849363327026,30.769231915473938,69.2307710647583,0.0,15.384617447853088,-23.076921701431274,46.153849363327026
46,brightness_dark,79,0.0,7.594937086105347,0.0,0.0,0.0,7.594937086105347,7.594937086105347,7.594937086105347
47,brightness_dark,32,40.625,68.75,37.5,40.625,25.0,31.25,28.125,43.75
48,brightness_dark,161,0.0,2.484472095966339,0.0,0.0,0.0,2.484472095966339,2.484472095966339,2.484472095966339
49,brightness_dark,202,5.940593779087067,28.71287167072296,0.4950494971126318,3.4653466194868088,0.0,28.21782217361033,25.247525051236153,28.71287167072296
50,brightness_dark,121,60.330575704574585,40.495866537094116,33.05785059928894,61.983466148376465,1.652892492711544,7.438015937805176,-21.48759961128235,38.84297404438257
51,brightness_dark,12,0.0,0.0,0.0,0.0,0.0,0.0,0.0,0.0
52,brightness_dark,24,54.16666865348816,45.83333432674408,79.16666865348816,66.66666865348816,83.33333730697632,-33.33333432674408,-20.83333432674408,-37.50000298023224
53,brightness_dark,121,2.4793386459350586,28.099173307418823,0.0,0.0,0.0,28.099173307418823,28.099173307418823,28.099173307418823
54,brightness_dark,237,19.409281015396118,30.379745364189148,16.033753752708435,17.299577593803406,15.611813962459564,14.345991611480713,13.080167770385742,14.767931401729584
55,brightness_dark,210,16.190476715564728,71.42857313156128,95.71428894996643,12.380953133106232,95.71428894996643,-24.28571581840515,59.04761999845505,-24.28571581840515
56,brightness_dark,118,18.644067645072937,17.796610295772552,7.62711837887764,17.796610295772552,0.0,10.169491916894913,0.0,17.796610295772552
57,brightness_dark,117,15.384615957736969,39.31623995304108,21.367523074150085,8.547008782625198,21.367523074150085,17.94871687889099,30.76923117041588,17.94871687889099
58,brightness_dark,28,0.0,3.57142873108387,3.57142873108387,0.0,3.57142873108387,0.0,3.57142873108387,0.0
59,brightness_dark,94,12.765957415103912,44.680848717689514,31.91489279270172,12.765957415103912,31.91489279270172,12.765955924987793,31.914891302585602,12.765955924987793
60,brightness_dark,475,0.21052630618214607,17.263157665729523,0.0,0.42105261236429214,0.0,17.263157665729523,16.84210505336523,17.263157665729523
61,brightness_dark,15,0.0,6.666667014360428,0.0,0.0,0.0,6.666667014360428,6.666667014360428,6.666667014360428
62,brightness_dark,75,6.666667014360428,12.000000476837158,0.0,6.666667014360428,0.0,12.000000476837158,5.33333346247673,12.000000476837158
63,brightness_dark,215,25.11627972126007,30.697673559188843,40.93023240566254,17.674419283866882,40.93023240566254,-10.232558846473694,13.02325427532196,-10.232558846473694
64,brightness_dark,127,4.724409431219101,16.535432636737823,2.3622047156095505,4.724409431219101,2.3622047156095505,14.173227921128273,11.811023205518723,14.173227921128273
65,brightness_dark,152,0.0,9.868421405553818,0.0,0.0,0.0,9.868421405553818,9.868421405553818,9.868421405553818
66,brightness_dark,194,1.0309278033673763,2.5773195549845695,0.0,0.5154639016836882,0.0,2.5773195549845695,2.0618556533008814,2.5773195549845695
67,brightness_dark,82,7.31707289814949,29.26829159259796,12.195121496915817,3.658536449074745,0.0,17.073170095682144,25.609755143523216,29.26829159259796
68,brightness_dark,229,5.676855891942978,24.45414960384369,29.694324731826782,4.803493618965149,29.694324731826782,-5.240175127983093,19.65065598487854,-5.240175127983093
69,brightness_dark,142,11.267605423927307,20.42253464460373,1.4084506779909134,11.267605423927307,4.22535203397274,19.014083966612816,9.154929220676422,16.19718261063099
70,brightness_dark,77,11.688311398029327,64.9350643157959,75.32467246055603,10.389610379934311,75.32467246055603,-10.389608144760132,54.54545393586159,-10.389608144760132
71,brightness_dark,36,0.0,8.33333358168602,0.0,0.0,0.0,8.33333358168602,8.33333358168602,8.33333358168602
72,brightness_dark,161,7.453416287899017,47.20497131347656,49.06832277774811,7.453416287899017,50.31055808067322,-1.8633514642715454,39.751555025577545,-3.1055867671966553
73,brightness_dark,228,11.84210553765297,24.122807383537292,19.29824650287628,6.578947603702545,19.29824650287628,4.824560880661011,17.543859779834747,4.824560880661011
74,brightness_dark,164,53.04877758026123,70.7317054271698,92.07316637039185,40.24389982223511,92.07316637039185,-21.341460943222046,30.487805604934692,-21.341460943222046
75,brightness_dark,200,11.999999731779099,51.499998569488525,42.49999821186066,7.499999552965164,42.49999821186066,9.000000357627869,43.99999901652336,9.000000357627869
76,brightness_dark,167,33.53293538093567,54.4910192489624,54.4910192489624,27.544909715652466,54.4910192489624,0.0,26.946109533309937,0.0
77,brightness_dark,172,43.60465109348297,36.62790656089783,50.581395626068115,45.34883797168732,51.744186878204346,-13.953489065170288,-8.72093141078949,-15.116280317306519
78,brightness_dark,98,0.0,9.183673560619354,0.0,0.0,0.0,9.183673560619354,9.183673560619354,9.183673560619354
79,brightness_dark,18,72.22222089767456,33.33333432674408,0.0,77.77777910232544,77.77777910232544,33.33333432674408,-44.44444477558136,-44.44444477558136
80,brightness_dark,80,40.00000059604645,63.749998807907104,81.25,28.749999403953552,81.25,-17.500001192092896,34.99999940395355,-17.500001192092896
81,brightness_dark,17,0.0,5.882352963089943,0.0,0.0,0.0,5.882352963089943,5.882352963089943,5.882352963089943
82,brightness_dark,163,0.0,14.723926782608032,0.0,0.0,0.0,14.723926782608032,14.723926782608032,14.723926782608032
83,brightness_dark,509,9.233792126178741,58.153241872787476,78.192538022995,7.465618848800659,79.1748583316803,-20.03929615020752,50.687623023986816,-21.021616458892822
84,brightness_dark,254,56.29920959472656,62.5984251499176,71.2598443031311,51.18110179901123,71.2598443031311,-8.661419153213501,11.417323350906372,-8.661419153213501
85,brightness_dark,222,36.036038398742676,49.54954981803894,63.9639675617218,24.32432472705841,63.9639675617218,-14.414417743682861,25.22522509098053,-14.414417743682861
86,brightness_dark,40,10.000000149011612,12.5,0.0,10.000000149011612,5.000000074505806,12.5,2.499999850988388,7.499999925494194
87,brightness_dark,150,7.333333790302277,34.00000035762787,44.66666877269745,3.999999910593033,0.0,-10.66666841506958,30.000000447034836,34.00000035762787
88,brightness_dark,77,24.67532455921173,35.0649356842041,48.051947355270386,19.480518996715546,48.051947355270386,-12.987011671066284,15.584416687488556,-12.987011671066284
89,brightness_dark,155,2.5806451216340065,11.612903326749802,3.870967775583267,1.2903225608170033,3.870967775583267,7.741935551166534,10.322580765932798,7.741935551166534
90,brightness_dark,155,16.774193942546844,21.935483813285828,5.161290243268013,17.419354617595673,0.6451612804085016,16.774193570017815,4.516129195690155,21.290322532877326
91,brightness_dark,183,0.5464480724185705,3.82513664662838,0.0,0.0,0.0,3.82513664662838,3.82513664662838,3.82513664662838
92,brightness_dark,96,15.625,73.95833730697632,71.875,11.45833358168602,71.875,2.0833373069763184,62.5000037252903,2.0833373069763184
93,brightness_dark,218,1.3761467300355434,4.128440096974373,0.0,0.0,0.0,4.128440096974373,4.128440096974373,4.128440096974373
94,brightness_dark,293,4.095562919974327,18.430033326148987,0.0,2.38907840102911,0.0,18.430033326148987,16.040954925119877,18.430033326148987
95,brightness_dark,38,26.31579041481018,63.15789222717285,57.894736528396606,13.15789520740509,57.894736528396606,5.263155698776245,49.99999701976776,5.263155698776245
96,brightness_dark,215,0.9302325546741486,4.1860464960336685,0.4651162773370743,0.4651162773370743,0.4651162773370743,3.7209302186965942,3.7209302186965942,3.7209302186965942
97,brightness_dark,170,67.05882549285889,40.58823585510254,68.23529601097107,69.9999988079071,0.58823530562222,-27.64706015586853,-29.411762952804565,40.00000054948032
98,brightness_dark,66,4.545454680919647,13.636364042758942,6.060606241226196,3.030303120613098,4.545454680919647,7.575757801532745,10.606060922145844,9.090909361839294
99,brightness_dark,145,0.6896551698446274,5.517241358757019,0.6896551698446274,0.6896551698446274,0.6896551698446274,4.827586188912392,4.827586188912392,4.827586188912392
0,contrast_low,178,5.056179687380791,19.662921130657196,5.056179687380791,9.550561755895615,5.056179687380791,14.606741443276405,10.112359374761581,14.606741443276405
1,contrast_low,99,1.0101010091602802,7.070706784725189,0.0,3.030303120613098,0.0,7.070706784725189,4.040403664112091,7.070706784725189
2,contrast_low,140,0.0,0.7142857182770967,0.0,0.0,0.0,0.7142857182770967,0.7142857182770967,0.7142857182770967
3,contrast_low,216,4.16666679084301,6.94444477558136,0.0,4.16666679084301,0.0,6.94444477558136,2.77777798473835,6.94444477558136
4,contrast_low,105,0.9523809887468815,4.76190485060215,0.0,0.9523809887468815,0.0,4.76190485060215,3.8095238618552685,4.76190485060215
5,contrast_low,158,24.683545529842377,20.253165066242218,7.594937086105347,19.620253145694733,5.0632912665605545,12.658227980136871,0.6329119205474854,15.189873799681664
6,contrast_low,261,44.06130015850067,46.74329459667206,50.957852602005005,48.65900278091431,54.7892689704895,-4.214558005332947,-1.9157081842422485,-8.045974373817444
7,contrast_low,197,1.5228426083922386,16.243654489517212,9.137055277824402,3.553299605846405,0.0,7.10659921169281,12.690354883670807,16.243654489517212
8,contrast_low,193,2.590673416852951,9.84455943107605,0.0,3.10880821198225,0.0,9.84455943107605,6.7357512190938,9.84455943107605
9,contrast_low,176,6.818182021379471,15.340909361839294,0.0,8.522727340459824,0.0,15.340909361839294,6.818182021379471,15.340909361839294
10,contrast_low,282,15.2482271194458,13.120566308498383,12.765957415103912,12.765957415103912,20.21276503801346,0.3546088933944702,0.3546088933944702,-7.092198729515076
11,contrast_low,180,54.44444417953491,44.44444477558136,22.777777910232544,51.66666507720947,57.777780294418335,21.666666865348816,-7.222220301628113,-13.333335518836975
12,contrast_low,164,10.36585345864296,9.756097197532654,6.707316637039185,9.146340936422348,6.707316637039185,3.0487805604934692,0.6097562611103058,3.0487805604934692
13,contrast_low,80,2.500000037252903,56.25,76.2499988079071,21.250000596046448,76.2499988079071,-19.999998807907104,34.99999940395355,-19.999998807907104
14,contrast_low,71,59.1549277305603,50.70422291755676,97.183096408844,52.112674713134766,33.80281627178192,-46.47887349128723,-1.408451795578003,16.90140664577484
15,contrast_low,236,0.0,0.0,0.0,0.0,0.0,0.0,0.0,0.0
16,contrast_low,21,38.0952388048172,52.3809552192688,9.5238097012043,52.3809552192688,9.5238097012043,42.8571455180645,0.0,42.8571455180645
17,contrast_low,87,40.229883790016174,47.12643623352051,73.56321811676025,48.27586114406586,74.71264600753784,-26.436781883239746,-1.1494249105453491,-27.586209774017334
18,contrast_low,10,0.0,10.000000149011612,0.0,0.0,0.0,10.000000149011612,10.000000149011612,10.000000149011612
19,contrast_low,91,48.351648449897766,36.263737082481384,65.93406796455383,42.85714328289032,65.93406796455383,-29.67033088207245,-6.5934062004089355,-29.67033088207245
20,contrast_low,152,69.73684430122375,67.1052634716034,99.34210777282715,76.97368264198303,100.0,-32.236844301223755,-9.868419170379639,-32.894736528396606
21,contrast_low,242,0.0,0.0,0.0,0.0,0.0,0.0,0.0,0.0
22,contrast_low,175,32.57142901420593,58.28571319580078,51.99999809265137,37.71428465843201,69.1428542137146,6.285715103149414,20.571428537368774,-10.857141017913818
23,contrast_low,140,32.14285671710968,30.000001192092896,27.142858505249023,30.000001192092896,27.142858505249023,2.857142686843872,0.0,2.857142686843872
24,contrast_low,179,0.5586592014878988,0.5586592014878988,0.5586592014878988,0.5586592014878988,0.5586592014878988,0.0,0.0,0.0
25,contrast_low,36,13.88888955116272,36.11111044883728,19.44444477558136,19.44444477558136,19.44444477558136,16.66666567325592,16.66666567325592,16.66666567325592
26,contrast_low,284,69.01408433914185,72.53521084785461,94.71830725669861,80.28168678283691,94.71830725669861,-22.183096408843994,-7.7464759349823,-22.183096408843994
27,contrast_low,195,7.179487496614456,76.4102578163147,98.46154451370239,40.00000059604645,98.46154451370239,-22.051286697387695,36.41025722026825,-22.051286697387695
28,contrast_low,26,0.0,11.538462340831757,0.0,3.8461539894342422,0.0,11.538462340831757,7.692308351397514,11.538462340831757
29,contrast_low,382,5.235601961612701,69.1099464893341,100.0,31.15183413028717,100.0,-30.890053510665894,37.958112359046936,-30.890053510665894
30,contrast_low,275,25.45454502105713,21.090909838676453,30.54545521736145,21.090909838676453,39.636364579200745,-9.454545378684998,0.0,-18.545454740524292
31,contrast_low,202,42.07920730113983,52.970296144485474,98.01980257034302,56.43564462661743,98.01980257034302,-45.049506425857544,-3.465348482131958,-45.049506425857544
32,contrast_low,198,21.717171370983124,24.242424964904785,24.242424964904785,22.22222238779068,19.696970283985138,0.0,2.0202025771141052,4.545454680919647
33,contrast_low,264,5.303030461072922,11.742424964904785,0.0,4.545454680919647,0.0,11.742424964904785,7.196970283985138,11.742424964904785
34,contrast_low,102,11.764706671237946,17.64705926179886,15.686275064945221,8.82352963089943,9.803921729326248,1.9607841968536377,8.82352963089943,7.8431375324726105
35,contrast_low,175,30.85714280605316,65.71428775787354,54.85714077949524,47.42857217788696,47.999998927116394,10.857146978378296,18.285715579986572,17.71428883075714
36,contrast_low,18,5.55555559694767,11.11111119389534,16.66666716337204,5.55555559694767,16.66666716337204,-5.5555559694767,5.55555559694767,-5.5555559694767
37,contrast_low,80,32.50000178813934,27.500000596046448,16.25000089406967,26.250001788139343,10.000000149011612,11.249999701976776,1.2499988079071045,17.500000447034836
38,contrast_low,25,59.99999642372131,68.00000071525574,95.99999785423279,63.999998569488525,95.99999785423279,-27.99999713897705,4.000002145767212,-27.99999713897705
39,contrast_low,160,59.375,43.75,86.2500011920929,49.37500059604645,89.3750011920929,-42.500001192092896,-5.625000596046448,-45.625001192092896
40,contrast_low,250,0.0,0.0,0.0,0.4000000189989805,0.0,0.0,-0.4000000189989805,0.0
41,contrast_low,100,0.9999999776482582,10.999999940395355,68.00000071525574,2.9999999329447746,63.999998569488525,-57.00000077486038,8.00000000745058,-52.99999862909317
42,contrast_low,320,38.43750059604645,48.12500178813934,33.43749940395355,36.56249940395355,37.18750178813934,14.687502384185791,11.562502384185791,10.9375
43,contrast_low,198,3.030303120613098,2.0202020183205605,0.0,1.515151560306549,0.0,2.0202020183205605,0.5050504580140114,2.0202020183205605
44,contrast_low,74,17.56756752729416,17.56756752729416,1.3513513840734959,18.918919563293457,0.0,16.216216143220663,-1.351352035999298,17.56756752729416
45,contrast_low,13,61.538463830947876,15.384615957736969,23.076924681663513,38.46153914928436,15.384615957736969,-7.692308723926544,-23.076923191547394,0.0
46,contrast_low,79,1.2658228166401386,5.0632912665605545,0.0,1.2658228166401386,0.0,5.0632912665605545,3.797468449920416,5.0632912665605545
47,contrast_low,32,37.5,56.25,37.5,37.5,25.0,18.75,18.75,31.25
48,contrast_low,161,0.0,1.2422360479831696,0.0,0.0,0.0,1.2422360479831696,1.2422360479831696,1.2422360479831696
49,contrast_low,202,1.4851484447717667,22.772276401519775,3.4653466194868088,6.435643136501312,0.0,19.306929782032967,16.336633265018463,22.772276401519775
50,contrast_low,121,40.495866537094116,34.71074104309082,37.19007968902588,36.36363446712494,58.677685260772705,-2.4793386459350586,-1.6528934240341187,-23.966944217681885
51,contrast_low,12,0.0,0.0,0.0,0.0,0.0,0.0,0.0,0.0
52,contrast_low,24,41.66666865348816,33.33333432674408,79.16666865348816,41.66666865348816,83.33333730697632,-45.83333432674408,-8.33333432674408,-50.00000298023224
53,contrast_low,121,0.0,18.18181723356247,0.0,4.1322313249111176,0.0,18.18181723356247,14.049585908651352,18.18181723356247
54,contrast_low,237,19.409281015396118,21.09704613685608,15.611813962459564,19.409281015396118,15.611813962459564,5.485232174396515,1.687765121459961,5.485232174396515
55,contrast_low,210,50.47619342803955,60.00000238418579,95.71428894996643,60.952383279800415,95.71428894996643,-35.71428656578064,-0.952380895614624,-35.71428656578064
56,contrast_low,118,13.55932205915451,13.55932205915451,5.932203307747841,13.55932205915451,0.0,7.62711875140667,0.0,13.55932205915451
57,contrast_low,117,16.239316761493683,37.60683834552765,21.367523074150085,23.076924681663513,21.367523074150085,16.239315271377563,14.529913663864136,16.239315271377563
58,contrast_low,28,0.0,3.57142873108387,3.57142873108387,0.0,3.57142873108387,0.0,3.57142873108387,0.0
59,contrast_low,94,22.340424358844757,42.553189396858215,31.91489279270172,23.404254019260406,31.91489279270172,10.638296604156494,19.14893537759781,10.638296604156494
60,contrast_low,475,8.210525661706924,9.473683685064316,0.0,6.947368383407593,0.0,9.473683685064316,2.526315301656723,9.473683685064316
61,contrast_low,15,0.0,0.0,0.0,0.0,0.0,0.0,0.0,0.0
62,contrast_low,75,15.999999642372131,15.999999642372131,0.0,14.666667580604553,0.0,15.999999642372131,1.3333320617675781,15.999999642372131
63,contrast_low,215,29.30232584476471,32.55814015865326,40.93023240566254,33.95348787307739,40.93023240566254,-8.372092247009277,-1.3953477144241333,-8.372092247009277
64,contrast_low,127,10.236220061779022,18.110236525535583,2.3622047156095505,14.173227548599243,4.724409431219101,15.748031809926033,3.9370089769363403,13.385827094316483
65,contrast_low,152,0.0,15.789473056793213,0.0,1.9736841320991516,0.0,15.789473056793213,13.815788924694061,15.789473056793213
66,contrast_low,194,2.0618556067347527,3.0927833169698715,0.0,2.0618556067347527,0.0,3.0927833169698715,1.0309277102351189,3.0927833169698715
67,contrast_low,82,7.31707289814949,20.73170691728592,7.31707289814949,10.975609719753265,4.878048598766327,13.414634019136429,9.756097197532654,15.853658318519592
68,contrast_low,229,1.7467249184846878,21.397380530834198,29.694324731826782,8.296943455934525,29.694324731826782,-8.296944200992584,13.100437074899673,-8.296944200992584
69,contrast_low,142,6.338027864694595,7.746478915214539,0.0,4.929577559232712,0.0,7.746478915214539,2.816901355981827,7.746478915214539
70,contrast_low,77,38.96103799343109,57.14285969734192,75.32467246055603,55.84415793418884,70.1298713684082,-18.18181276321411,1.2987017631530762,-12.987011671066284
71,contrast_low,36,2.777777798473835,11.11111119389534,0.0,5.55555559694767,0.0,11.11111119389534,5.55555559694767,11.11111119389534
72,contrast_low,161,23.60248565673828,37.88819909095764,49.06832277774811,31.05590045452118,50.31055808067322,-11.180123686790466,6.832298636436462,-12.422358989715576
73,contrast_low,228,15.789473056793213,19.29824650287628,19.29824650287628,17.543859779834747,19.29824650287628,0.0,1.7543867230415344,0.0
74,contrast_low,164,68.90243887901306,71.95121645927429,91.4634108543396,78.04877758026123,92.07316637039185,-19.512194395065308,-6.0975611209869385,-20.121949911117554
75,contrast_low,200,3.999999910593033,37.00000047683716,42.49999821186066,18.50000023841858,42.49999821186066,-5.4999977350234985,18.50000023841858,-5.4999977350234985
76,contrast_low,167,44.31138038635254,46.706587076187134,53.89221906661987,50.89820623397827,54.4910192489624,-7.185631990432739,-4.191619157791138,-7.7844321727752686
77,contrast_low,172,36.62790656089783,27.906978130340576,50.581395626068115,30.2325576543808,51.744186878204346,-22.67441749572754,-2.325579524040222,-23.83720874786377
78,contrast_low,98,2.0408162847161293,12.244898080825806,0.0,3.0612245202064514,0.0,12.244898080825806,9.183673560619354,12.244898080825806
79,contrast_low,18,50.0,33.33333432674408,0.0,38.88888955116272,11.11111119389534,33.33333432674408,-5.55555522441864,22.22222313284874
80,contrast_low,80,73.7500011920929,75.0,81.25,78.75000238418579,81.25,-6.25,-3.750002384185791,-6.25
81,contrast_low,17,0.0,5.882352963089943,0.0,0.0,0.0,5.882352963089943,5.882352963089943,5.882352963089943
82,contrast_low,163,0.0,2.4539876729249954,0.0,0.0,0.0,2.4539876729249954,2.4539876729249954,2.4539876729249954
83,contrast_low,509,37.721022963523865,51.27701759338379,77.79961228370667,48.72298836708069,79.1748583316803,-26.522594690322876,2.5540292263031006,-27.89784073829651
84,contrast_low,254,66.5354311466217,64.56692814826965,71.2598443031311,68.11023354530334,71.2598443031311,-6.69291615486145,-3.5433053970336914,-6.69291615486145
85,contrast_low,222,52.70270109176636,55.40540814399719,63.06306719779968,58.55855941772461,63.9639675617218,-7.65765905380249,-3.153151273727417,-8.55855941772461
86,contrast_low,40,10.000000149011612,5.000000074505806,7.500000298023224,7.500000298023224,7.500000298023224,-2.500000223517418,-2.500000223517418,-2.500000223517418
87,contrast_low,150,7.333333790302277,21.33333384990692,34.66666638851166,11.33333370089531,0.0,-13.333332538604736,10.000000149011612,21.33333384990692
88,contrast_low,77,36.36363744735718,33.766233921051025,48.051947355270386,38.96103799343109,48.051947355270386,-14.28571343421936,-5.194804072380066,-14.28571343421936
89,contrast_low,155,7.741935551166534,10.322580486536026,3.870967775583267,9.03225764632225,3.870967775583267,6.451612710952759,1.2903228402137756,6.451612710952759
90,contrast_low,155,10.322580486536026,17.419354617595673,13.548387587070465,10.322580486536026,14.838708937168121,3.8709670305252075,7.096774131059647,2.5806456804275513
91,contrast_low,183,0.0,1.6393441706895828,0.0,0.5464480724185705,0.0,1.6393441706895828,1.0928960982710123,1.6393441706895828
92,contrast_low,96,12.5,61.45833730697632,71.875,26.04166865348816,71.875,-10.416662693023682,35.41666865348816,-10.416662693023682
93,contrast_low,218,0.0,2.752293460071087,0.0,0.0,0.0,2.752293460071087,2.752293460071087,2.752293460071087
94,contrast_low,293,2.7303753420710564,18.771331012248993,0.0,5.460750684142113,0.0,18.771331012248993,13.31058032810688,18.771331012248993
95,contrast_low,38,15.789473056793213,47.36842215061188,57.894736528396606,21.052631735801697,57.894736528396606,-10.526314377784729,26.31579041481018,-10.526314377784729
96,contrast_low,215,1.3953488320112228,3.7209302186965942,0.4651162773370743,2.7906976640224457,0.4651162773370743,3.25581394135952,0.9302325546741486,3.25581394135952
97,contrast_low,170,45.88235318660736,32.35294222831726,53.52941155433655,41.17647111415863,65.29411673545837,-21.176469326019287,-8.82352888584137,-32.94117450714111
98,contrast_low,66,4.545454680919647,9.090909361839294,6.060606241226196,6.060606241226196,3.030303120613098,3.030303120613098,3.030303120613098,6.060606241226196
99,contrast_low,145,2.068965509533882,6.896551698446274,0.6896551698446274,2.7586206793785095,0.6896551698446274,6.206896528601646,4.137931019067764,6.206896528601646
0,gaussian_noise,178,26.404494047164917,26.966291666030884,5.056179687380791,29.775279760360718,5.056179687380791,21.910111978650093,-2.808988094329834,21.910111978650093
1,gaussian_noise,99,10.101009905338287,11.11111119389534,0.0,20.202019810676575,0.0,11.11111119389534,-9.090908616781235,11.11111119389534
2,gaussian_noise,140,0.7142857182770967,0.7142857182770967,0.0,2.142857201397419,0.0,0.7142857182770967,-1.4285714831203222,0.7142857182770967
3,gaussian_noise,216,10.185185074806213,15.27777761220932,0.0,3.7037037312984467,0.0,15.27777761220932,11.574073880910873,15.27777761220932
4,gaussian_noise,105,5.714286118745804,6.666667014360428,0.0,20.952381193637848,0.0,6.666667014360428,-14.28571417927742,6.666667014360428
5,gaussian_noise,158,18.987342715263367,26.582279801368713,5.0632912665605545,17.721518874168396,4.430379718542099,21.51898853480816,8.860760927200317,22.151900082826614
6,gaussian_noise,261,49.808427691459656,50.574713945388794,54.7892689704895,42.91187524795532,54.7892689704895,-4.214555025100708,7.662838697433472,-4.214555025100708
7,gaussian_noise,197,19.796954095363617,20.812182128429413,4.060913622379303,16.75126850605011,0.0,16.75126850605011,4.060913622379303,20.812182128429413
8,gaussian_noise,193,13.47150206565857,19.6891188621521,0.0,46.63212299346924,0.0,19.6891188621521,-26.94300413131714,19.6891188621521
9,gaussian_noise,176,17.045454680919647,19.88636404275894,0.0,21.590909361839294,0.0,19.88636404275894,-1.7045453190803528,19.88636404275894
10,gaussian_noise,282,11.702127009630203,14.539006352424622,10.992907732725143,5.319148674607277,16.31205677986145,3.546098619699478,9.219857677817345,-1.7730504274368286
11,gaussian_noise,180,49.444445967674255,61.11111044883728,20.555555820465088,29.444444179534912,59.44444537162781,40.55555462837219,31.666666269302368,1.6666650772094727
12,gaussian_noise,164,18.292681872844696,17.68292635679245,6.707316637039185,20.121949911117554,6.707316637039185,10.975609719753265,-2.4390235543251038,10.975609719753265
13,gaussian_noise,80,62.5,60.00000238418579,76.2499988079071,61.250001192092896,76.2499988079071,-16.249996423721313,-1.2499988079071045,-16.249996423721313
14,gaussian_noise,71,43.661969900131226,57.7464759349823,97.183096408844,15.492957830429077,74.64788556098938,-39.436620473861694,42.25351810455322,-16.90140962600708
15,gaussian_noise,236,0.0,0.0,0.0,0.0,0.0,0.0,0.0,0.0
16,gaussian_noise,21,66.66666865348816,66.66666865348816,9.5238097012043,33.33333432674408,9.5238097012043,57.14285895228386,33.33333432674408,57.14285895228386
17,gaussian_noise,87,57.47126340866089,65.51724076271057,72.41379022598267,49.425286054611206,68.96551847457886,-6.896549463272095,16.091954708099365,-3.448277711868286
18,gaussian_noise,10,10.000000149011612,10.000000149011612,0.0,0.0,0.0,10.000000149011612,10.000000149011612,10.000000149011612
19,gaussian_noise,91,36.263737082481384,40.65934121608734,65.93406796455383,18.681319057941437,65.93406796455383,-25.27472674846649,21.978022158145905,-25.27472674846649
20,gaussian_noise,152,78.28947305679321,78.94737124443054,100.0,69.73684430122375,100.0,-21.052628755569458,9.210526943206787,-21.052628755569458
21,gaussian_noise,242,0.0,0.0,0.0,0.0,0.0,0.0,0.0,0.0
22,gaussian_noise,175,62.28571534156799,62.28571534156799,52.57142782211304,33.142855763435364,52.57142782211304,9.714287519454956,29.14285957813263,9.714287519454956
23,gaussian_noise,140,31.42857253551483,35.71428656578064,27.142858505249023,23.571428656578064,27.142858505249023,8.571428060531616,12.142857909202576,8.571428060531616
24,gaussian_noise,179,2.2346368059515953,1.6759775578975677,0.5586592014878988,4.469273611903191,0.5586592014878988,1.117318356409669,-2.793296054005623,1.117318356409669
25,gaussian_noise,36,36.11111044883728,36.11111044883728,8.33333358168602,27.77777910232544,11.11111119389534,27.77777686715126,8.33333134651184,24.99999925494194
26,gaussian_noise,284,78.52112650871277,78.16901206970215,94.71830725669861,69.71830725669861,94.71830725669861,-16.54929518699646,8.45070481300354,-16.54929518699646
27,gaussian_noise,195,86.15384697914124,82.56410360336304,98.46154451370239,70.76923251152039,98.46154451370239,-15.897440910339355,11.794871091842651,-15.897440910339355
28,gaussian_noise,26,15.384615957736969,15.384615957736969,0.0,7.6923079788684845,0.0,15.384615957736969,7.6923079788684845,15.384615957736969
29,gaussian_noise,382,84.29319262504578,77.48691439628601,100.0,69.37173008918762,100.0,-22.51308560371399,8.115184307098389,-22.51308560371399
30,gaussian_noise,275,20.000000298023224,26.545456051826477,29.454544186592102,35.27272641658783,37.81818151473999,-2.909088134765625,-8.727270364761353,-11.272725462913513
31,gaussian_noise,202,51.4851450920105,61.881184577941895,98.01980257034302,28.217822313308716,98.01980257034302,-36.13861799240112,33.66336226463318,-36.13861799240112
32,gaussian_noise,198,25.25252401828766,29.797980189323425,23.232322931289673,23.232322931289673,18.686868250370026,6.565657258033752,6.565657258033752,11.1111119389534
33,gaussian_noise,264,13.257576525211334,17.424243688583374,0.0,9.469696879386902,0.0,17.424243688583374,7.954546809196472,17.424243688583374
34,gaussian_noise,102,18.627451360225677,25.49019753932953,9.803921729326248,11.764706671237946,7.8431375324726105,15.68627581000328,13.725490868091583,17.64706000685692
35,gaussian_noise,175,65.71428775787354,70.85714340209961,68.57143044471741,45.71428596973419,26.85714364051819,2.285712957382202,25.142857432365417,43.99999976158142
36,gaussian_noise,18,16.66666716337204,16.66666716337204,16.66666716337204,16.66666716337204,16.66666716337204,0.0,0.0,0.0
37,gaussian_noise,80,20.000000298023224,22.50000089406967,17.499999701976776,18.75,15.000000596046448,5.0000011920928955,3.7500008940696716,7.500000298023224
38,gaussian_noise,25,71.99999690055847,71.99999690055847,95.99999785423279,43.99999976158142,95.99999785423279,-24.000000953674316,27.99999713897705,-24.000000953674316
39,gaussian_noise,160,34.99999940395355,47.49999940395355,94.9999988079071,11.874999850988388,88.7499988079071,-47.49999940395355,35.624999552965164,-41.24999940395355
40,gaussian_noise,250,0.4000000189989805,1.2000000104308128,0.0,0.4000000189989805,0.0,1.2000000104308128,0.7999999914318323,1.2000000104308128
41,gaussian_noise,100,5.999999865889549,9.999999403953552,76.99999809265137,7.000000029802322,59.99999642372131,-66.99999868869781,2.99999937415123,-49.99999701976776
42,gaussian_noise,320,50.312501192092896,52.812498807907104,37.812501192092896,36.87500059604645,33.43749940395355,14.999997615814209,15.937498211860657,19.374999403953552
43,gaussian_noise,198,4.040404036641121,7.070706784725189,0.0,2.525252476334572,0.0,7.070706784725189,4.545454308390617,7.070706784725189
44,gaussian_noise,74,20.270270109176636,22.972974181175232,2.7027027681469917,16.21621698141098,0.0,20.27027141302824,6.756757199764252,22.972974181175232
45,gaussian_noise,13,30.769231915473938,30.769231915473938,23.076924681663513,15.384615957736969,23.076924681663513,7.692307233810425,15.384615957736969,7.692307233810425
46,gaussian_noise,79,7.594937086105347,10.126582533121109,0.0,49.36709105968475,0.0,10.126582533121109,-39.240508526563644,10.126582533121109
47,gaussian_noise,32,62.5,65.625,40.625,40.625,25.0,25.0,25.0,40.625
48,gaussian_noise,161,1.2422360479831696,1.8633540719747543,0.0,2.484472095966339,0.0,1.8633540719747543,-0.6211180239915848,1.8633540719747543
49,gaussian_noise,202,22.772276401519775,19.8019802570343,0.9900989942252636,18.81188154220581,0.0,18.811881262809038,0.9900987148284912,19.8019802570343
50,gaussian_noise,121,30.578511953353882,39.66941833496094,28.925618529319763,30.578511953353882,26.446279883384705,10.743799805641174,9.090906381607056,13.223138451576233
51,gaussian_noise,12,0.0,0.0,0.0,0.0,0.0,0.0,0.0,0.0
52,gaussian_noise,24,29.16666865348816,45.83333432674408,83.33333730697632,25.0,83.33333730697632,-37.50000298023224,20.83333432674408,-37.50000298023224
53,gaussian_noise,121,27.272725105285645,24.793387949466705,0.0,23.966941237449646,0.0,24.793387949466705,0.8264467120170593,24.793387949466705
54,gaussian_noise,237,23.62869083881378,26.582276821136475,15.611813962459564,30.801686644554138,15.611813962459564,10.97046285867691,-4.219409823417664,10.97046285867691
55,gaussian_noise,210,61.90476417541504,70.47619223594666,95.71428894996643,40.00000059604645,95.71428894996643,-25.238096714019775,30.476191639900208,-25.238096714019775
56,gaussian_noise,118,14.406779408454895,15.25423675775528,7.62711837887764,11.864406615495682,0.0,7.62711837887764,3.389830142259598,15.25423675775528
57,gaussian_noise,117,40.17094075679779,40.17094075679779,21.367523074150085,39.31623995304108,21.367523074150085,18.803417682647705,0.8547008037567139,18.803417682647705
58,gaussian_noise,28,3.57142873108387,3.57142873108387,3.57142873108387,3.57142873108387,3.57142873108387,0.0,0.0,0.0
59,gaussian_noise,94,45.744678378105164,44.680848717689514,31.91489279270172,45.744678378105164,31.91489279270172,12.765955924987793,-1.0638296604156494,12.765955924987793
60,gaussian_noise,475,11.999999731779099,16.42105132341385,0.0,4.42105233669281,0.0,16.42105132341385,11.999998986721039,16.42105132341385
61,gaussian_noise,15,0.0,0.0,0.0,20.000001788139343,0.0,0.0,-20.000001788139343,0.0
62,gaussian_noise,75,15.999999642372131,18.666666746139526,0.0,15.999999642372131,0.0,18.666666746139526,2.666667103767395,18.666666746139526
63,gaussian_noise,215,34.88371968269348,35.348838567733765,40.93023240566254,27.441859245300293,40.93023240566254,-5.581393837928772,7.906979322433472,-5.581393837928772
64,gaussian_noise,127,20.472440123558044,21.259842813014984,2.3622047156095505,27.559053897857666,7.086613774299622,18.897638097405434,-6.299211084842682,14.173229038715363
65,gaussian_noise,152,17.763158679008484,23.68421107530594,0.0,62.5,0.0,23.68421107530594,-38.81578892469406,23.68421107530594
66,gaussian_noise,194,2.5773195549845695,3.0927833169698715,0.0,2.0618556067347527,0.0,3.0927833169698715,1.0309277102351189,3.0927833169698715
67,gaussian_noise,82,20.73170691728592,21.95121943950653,10.975609719753265,37.80487775802612,4.878048598766327,10.975609719753265,-15.853658318519592,17.073170840740204
68,gaussian_noise,229,27.074235677719116,24.017468094825745,29.694324731826782,19.65065598487854,29.694324731826782,-5.676856637001038,4.366812109947205,-5.676856637001038
69,gaussian_noise,142,14.788731932640076,16.90140813589096,0.7042253389954567,19.014084339141846,0.0,16.197182796895504,-2.112676203250885,16.90140813589096
70,gaussian_noise,77,53.24675440788269,62.337660789489746,75.32467246055603,33.766233921051025,53.24675440788269,-12.987011671066284,28.57142686843872,9.090906381607056
71,gaussian_noise,36,8.33333358168602,11.11111119389534,0.0,8.33333358168602,0.0,11.11111119389534,2.77777761220932,11.11111119389534
72,gaussian_noise,161,37.267082929611206,42.236024141311646,49.06832277774811,42.236024141311646,50.31055808067322,-6.832298636436462,0.0,-8.074533939361572
73,gaussian_noise,228,26.754385232925415,28.070175647735596,19.29824650287628,42.54386126995087,19.29824650287628,8.771929144859314,-14.473685622215271,8.771929144859314
74,gaussian_noise,164,73.17072749137878,71.95121645927429,92.07316637039185,63.41463327407837,92.07316637039185,-20.121949911117554,8.536583185195923,-20.121949911117554
75,gaussian_noise,200,45.99999785423279,44.999998807907104,42.49999821186066,38.499999046325684,42.49999821186066,2.5000005960464478,6.499999761581421,2.5000005960464478
76,gaussian_noise,167,54.4910192489624,53.293412923812866,54.4910192489624,55.08981943130493,54.4910192489624,-1.1976063251495361,-1.7964065074920654,-1.1976063251495361
77,gaussian_noise,172,26.744186878204346,33.139535784721375,51.16279125213623,7.5581394135952,51.16279125213623,-18.023255467414856,25.581396371126175,-18.023255467414856
78,gaussian_noise,98,12.244898080825806,11.224489659070969,0.0,40.816324949264526,0.0,11.224489659070969,-29.591835290193558,11.224489659070969
79,gaussian_noise,18,27.77777910232544,38.88888955116272,0.0,22.22222238779068,16.66666716337204,38.88888955116272,16.66666716337204,22.22222238779068
80,gaussian_noise,80,69.9999988079071,75.0,81.25,68.75,81.25,-6.25,6.25,-6.25
81,gaussian_noise,17,5.882352963089943,5.882352963089943,0.0,11.764705926179886,0.0,5.882352963089943,-5.882352963089943,5.882352963089943
82,gaussian_noise,163,10.429447889328003,14.110429584980011,0.0,20.245398581027985,0.0,14.110429584980011,-6.134968996047974,14.110429584980011
83,gaussian_noise,509,52.65226364135742,57.95677900314331,78.192538022995,33.202359080314636,79.1748583316803,-20.235759019851685,24.754419922828674,-21.218079328536987
84,gaussian_noise,254,61.81102395057678,65.35432934761047,71.2598443031311,46.06299102306366,71.2598443031311,-5.90551495552063,19.291338324546814,-5.90551495552063
85,gaussian_noise,222,56.75675868988037,60.36036014556885,63.9639675617218,62.61261701583862,63.9639675617218,-3.603607416152954,-2.2522568702697754,-3.603607416152954
86,gaussian_noise,40,12.5,12.5,7.500000298023224,37.5,10.000000149011612,4.999999701976776,-25.0,2.499999850988388
87,gaussian_noise,150,20.666667819023132,25.333333015441895,40.00000059604645,19.333334267139435,9.333333373069763,-14.666667580604553,5.99999874830246,15.999999642372131
88,gaussian_noise,77,42.85714328289032,40.25973975658417,48.051947355270386,32.46753215789795,48.051947355270386,-7.792207598686218,7.792207598686218,-7.792207598686218
89,gaussian_noise,155,13.548387587070465,14.193548262119293,3.870967775583267,20.000000298023224,3.870967775583267,10.322580486536026,-5.806452035903931,10.322580486536026
90,gaussian_noise,155,18.0645152926445,23.87096732854843,11.612903326749802,24.51612800359726,3.2258063554763794,12.25806400179863,-0.6451606750488281,20.645160973072052
91,gaussian_noise,183,1.092896144837141,1.6393441706895828,0.0,3.2786883413791656,0.0,1.6393441706895828,-1.6393441706895828,1.6393441706895828
92,gaussian_noise,96,75.0,69.79166865348816,71.875,58.33333730697632,71.875,-2.083331346511841,11.45833134651184,-2.083331346511841
93,gaussian_noise,218,3.211009129881859,4.128440096974373,0.0,2.752293460071087,0.0,4.128440096974373,1.376146636903286,4.128440096974373
94,gaussian_noise,293,22.525596618652344,23.549486696720123,0.0,62.79863119125366,0.0,23.549486696720123,-39.24914449453354,23.549486696720123
95,gaussian_noise,38,63.15789222717285,52.63158082962036,57.894736528396606,50.0,57.894736528396606,-5.263155698776245,2.6315808296203613,-5.263155698776245
96,gaussian_noise,215,4.1860464960336685,3.7209302186965942,0.4651162773370743,5.116279050707817,0.4651162773370743,3.25581394135952,-1.3953488320112228,3.25581394135952
97,gaussian_noise,170,30.000001192092896,34.117648005485535,61.764705181121826,12.352941185235977,59.41176414489746,-27.64705717563629,21.764706820249557,-25.294116139411926
98,gaussian_noise,66,19.696970283985138,19.696970283985138,6.060606241226196,34.84848737716675,1.515151560306549,13.636364042758942,-15.15151709318161,18.18181872367859
99,gaussian_noise,145,10.34482717514038,11.724138259887695,0.6896551698446274,25.517240166664124,0.6896551698446274,11.034483090043068,-13.793101906776428,11.034483090043068
0,gaussian_blur,178,25.280898809432983,30.337080359458923,5.056179687380791,32.022473216056824,5.056179687380791,25.280900672078133,-1.6853928565979004,25.280900672078133
1,gaussian_blur,99,11.11111119389534,16.161616146564484,0.0,22.22222238779068,0.0,16.161616146564484,-6.060606241226196,16.161616146564484
2,gaussian_blur,140,1.4285714365541935,2.142857201397419,0.0,0.7142857182770967,0.0,2.142857201397419,1.4285714831203222,2.142857201397419
3,gaussian_blur,216,12.037037312984467,12.5,0.0,12.037037312984467,0.0,12.5,0.46296268701553345,12.5
4,gaussian_blur,105,6.666667014360428,6.666667014360428,0.0,6.666667014360428,0.0,6.666667014360428,0.0,6.666667014360428
5,gaussian_blur,158,32.91139304637909,28.48101258277893,6.329113990068436,22.78481125831604,4.430379718542099,22.151898592710495,5.696201324462891,24.05063286423683
6,gaussian_blur,261,46.74329459667206,51.724135875701904,53.63984704017639,34.86590087413788,54.7892689704895,-1.9157111644744873,16.858235001564026,-3.0651330947875977
7,gaussian_blur,197,19.28934007883072,23.350253701210022,3.553299605846405,22.842639684677124,0.0,19.796954095363617,0.507614016532898,23.350253701210022
8,gaussian_blur,193,15.025906264781952,16.580310463905334,0.0,18.134714663028717,0.0,16.580310463905334,-1.5544041991233826,16.580310463905334
9,gaussian_blur,176,18.18181872367859,23.863637447357178,0.0,23.295454680919647,0.0,23.863637447357178,0.5681827664375305,23.863637447357178
10,gaussian_blur,282,15.602836012840271,14.893616735935211,11.347517371177673,10.992907732725143,19.14893537759781,3.546099364757538,3.9007090032100677,-4.255318641662598
11,gaussian_blur,180,66.11111164093018,59.44444537162781,20.000000298023224,24.444444477558136,57.777780294418335,39.444445073604584,35.00000089406967,1.6666650772094727
12,gaussian_blur,164,17.68292635679245,20.121949911117554,6.707316637039185,20.73170691728592,6.707316637039185,13.41463327407837,-0.6097570061683655,13.41463327407837
13,gaussian_blur,80,40.00000059604645,58.75000357627869,76.2499988079071,76.2499988079071,76.2499988079071,-17.499995231628418,-17.499995231628418,-17.499995231628418
14,gaussian_blur,71,67.60563254356384,53.52112650871277,97.183096408844,25.35211145877838,61.97183132171631,-43.661969900131226,28.169015049934387,-8.45070481300354
15,gaussian_blur,236,0.0,0.0,0.0,0.0,0.0,0.0,0.0,0.0
16,gaussian_blur,21,61.90476417541504,66.66666865348816,9.5238097012043,57.14285969734192,9.5238097012043,57.14285895228386,9.52380895614624,57.14285895228386
17,gaussian_blur,87,62.068963050842285,55.17241358757019,68.96551847457886,43.67816150188446,70.11494040489197,-13.793104887008667,11.49425208568573,-14.942526817321777
18,gaussian_blur,10,10.000000149011612,10.000000149011612,0.0,10.000000149011612,0.0,10.000000149011612,0.0,10.000000149011612
19,gaussian_blur,91,51.64835453033447,47.25274741649628,65.93406796455383,25.27472674846649,65.93406796455383,-18.681320548057556,21.978020668029785,-18.681320548057556
20,gaussian_blur,152,73.02631735801697,75.65789818763733,100.0,41.4473682641983,100.0,-24.34210181236267,34.210529923439026,-24.34210181236267
21,gaussian_blur,242,0.413223123177886,0.0,0.0,0.0,0.0,0.0,0.0,0.0
22,gaussian_blur,175,52.57142782211304,61.71428561210632,52.57142782211304,61.14285588264465,58.28571319580078,9.142857789993286,0.5714297294616699,3.428572416305542
23,gaussian_blur,140,39.28571343421936,36.42857074737549,27.142858505249023,24.285714328289032,27.142858505249023,9.285712242126465,12.142856419086456,9.285712242126465
24,gaussian_blur,179,1.6759775578975677,3.3519551157951355,0.5586592014878988,5.586592108011246,0.5586592014878988,2.7932959143072367,-2.2346369922161102,2.7932959143072367
25,gaussian_blur,36,33.33333432674408,38.88888955116272,8.33333358168602,38.88888955116272,13.88888955116272,30.5555559694767,0.0,25.0
26,gaussian_blur,284,72.88732528686523,75.35210847854614,94.71830725669861,46.12675905227661,94.71830725669861,-19.366198778152466,29.22534942626953,-19.366198778152466
27,gaussian_blur,195,54.35897707939148,83.5897445678711,98.46154451370239,94.87179517745972,98.46154451370239,-14.871799945831299,-11.282050609588623,-14.871799945831299
28,gaussian_blur,26,15.384615957736969,23.076924681663513,0.0,26.923078298568726,0.0,23.076924681663513,-3.8461536169052124,23.076924681663513
29,gaussian_blur,382,45.81151902675629,76.70156955718994,100.0,96.59686088562012,100.0,-23.29843044281006,-19.895291328430176,-23.29843044281006
30,gaussian_blur,275,31.999999284744263,23.636363446712494,26.181817054748535,21.090909838676453,38.90909254550934,-2.5454536080360413,2.5454536080360413,-15.272729098796844
31,gaussian_blur,202,68.81188154220581,60.3960394859314,97.02970385551453,27.72277295589447,98.01980257034302,-36.63366436958313,32.673266530036926,-37.62376308441162
32,gaussian_blur,198,32.32323229312897,29.797980189323425,23.232322931289673,20.202019810676575,19.191919267177582,6.565657258033752,9.59596037864685,10.606060922145844
33,gaussian_blur,264,16.66666716337204,17.80303120613098,0.7575757801532745,17.045454680919647,0.0,17.045455425977707,0.7575765252113342,17.80303120613098
34,gaussian_blur,102,24.50980544090271,23.52941334247589,8.82352963089943,20.588235557079315,7.8431375324726105,14.705883711576462,2.941177785396576,15.68627581000328
35,gaussian_blur,175,66.28571152687073,70.85714340209961,70.28571367263794,51.4285683631897,25.142857432365417,0.5714297294616699,19.428575038909912,45.71428596973419
36,gaussian_blur,18,11.11111119389534,16.66666716337204,16.66666716337204,27.77777910232544,16.66666716337204,0.0,-11.1111119389534,0.0
37,gaussian_blur,80,28.749999403953552,22.50000089406967,18.75,8.749999850988388,10.000000149011612,3.7500008940696716,13.750001043081284,12.50000074505806
38,gaussian_blur,25,75.99999904632568,75.99999904632568,95.99999785423279,31.999999284744263,95.99999785423279,-19.999998807907104,43.99999976158142,-19.999998807907104
39,gaussian_blur,160,58.75000357627869,51.249998807907104,93.75,31.874999403953552,91.8749988079071,-42.500001192092896,19.374999403953552,-40.625
40,gaussian_blur,250,1.2000000104308128,0.800000037997961,0.0,1.2000000104308128,0.0,0.800000037997961,-0.3999999724328518,0.800000037997961
41,gaussian_blur,100,11.999999731779099,9.999999403953552,70.99999785423279,12.999999523162842,59.99999642372131,-60.999998450279236,-3.0000001192092896,-49.99999701976776
42,gaussian_blur,320,49.68750178813934,52.18750238418579,40.00000059604645,50.62500238418579,36.56249940395355,12.187501788139343,1.5625,15.625002980232239
43,gaussian_blur,198,7.070706784725189,6.565656512975693,0.0,5.050504952669144,0.0,6.565656512975693,1.515151560306549,6.565656512975693
44,gaussian_blur,74,20.270270109176636,20.270270109176636,4.054054245352745,13.513514399528503,0.0,16.21621586382389,6.756755709648132,20.270270109176636
45,gaussian_blur,13,61.538463830947876,38.46153914928436,30.769231915473938,7.6923079788684845,23.076924681663513,7.692307233810425,30.76923117041588,15.38461446762085
46,gaussian_blur,79,11.39240562915802,11.39240562915802,0.0,10.126582533121109,0.0,11.39240562915802,1.265823096036911,11.39240562915802
47,gaussian_blur,32,53.125,65.625,43.75,56.25,25.0,21.875,9.375,40.625
48,gaussian_blur,161,1.2422360479831696,1.8633540719747543,0.0,1.2422360479831696,0.0,1.8633540719747543,0.6211180239915848,1.8633540719747543
49,gaussian_blur,202,15.346534550189972,23.762375116348267,1.9801979884505272,25.247523188591003,0.0,21.78217712789774,-1.4851480722427368,23.762375116348267
50,gaussian_blur,121,46.28098905086517,38.01652789115906,30.578511953353882,29.752063751220703,49.58677589893341,7.438015937805176,8.264464139938354,-11.570248007774353
51,gaussian_blur,12,0.0,0.0,0.0,0.0,0.0,0.0,0.0,0.0
52,gaussian_blur,24,50.0,41.66666865348816,83.33333730697632,25.0,83.33333730697632,-41.66666865348816,16.66666865348816,-41.66666865348816
53,gaussian_blur,121,18.18181723356247,24.793387949466705,0.0,33.05785059928894,0.0,24.793387949466705,-8.264462649822235,24.793387949466705
54,gaussian_blur,237,29.113921523094177,30.801686644554138,16.033753752708435,27.848100662231445,15.611813962459564,14.767932891845703,2.953585982322693,15.189872682094574
55,gaussian_blur,210,69.52381134033203,69.52381134033203,95.71428894996643,35.71428656578064,95.71428894996643,-26.1904776096344,33.80952477455139,-26.1904776096344
56,gaussian_blur,118,18.644067645072937,16.949152946472168,8.474576473236084,11.016949266195297,0.0,8.474576473236084,5.932203680276871,16.949152946472168
57,gaussian_blur,117,34.18803513050079,42.73504614830017,21.367523074150085,37.60683834552765,21.367523074150085,21.367523074150085,5.128207802772522,21.367523074150085
58,gaussian_blur,28,3.57142873108387,3.57142873108387,3.57142873108387,3.57142873108387,3.57142873108387,0.0,0.0,0.0
59,gaussian_blur,94,37.23404109477997,47.87233769893646,31.91489279270172,47.87233769893646,31.91489279270172,15.957444906234741,0.0,15.957444906234741
60,gaussian_blur,475,14.947368204593658,15.157893300056458,0.0,12.631578743457794,0.0,15.157893300056458,2.5263145565986633,15.157893300056458
61,gaussian_blur,15,6.666667014360428,0.0,0.0,0.0,0.0,0.0,0.0,0.0
62,gaussian_blur,75,17.33333319425583,15.999999642372131,0.0,10.66666692495346,0.0,15.999999642372131,5.333332717418671,15.999999642372131
63,gaussian_blur,215,36.7441862821579,37.67441809177399,40.93023240566254,27.441859245300293,40.93023240566254,-3.25581431388855,10.232558846473694,-3.25581431388855
64,gaussian_blur,127,22.834645211696625,22.834645211696625,2.3622047156095505,22.834645211696625,5.511811003088951,20.472440496087074,0.0,17.322834208607674
65,gaussian_blur,152,19.078947603702545,20.394736528396606,0.0,23.68421107530594,0.0,20.394736528396606,-3.2894745469093323,20.394736528396606
66,gaussian_blur,194,2.5773195549845695,3.0927833169698715,0.0,1.0309278033673763,0.0,3.0927833169698715,2.061855513602495,3.0927833169698715
67,gaussian_blur,82,19.512194395065308,26.82926654815674,10.975609719753265,39.024388790130615,6.097560748457909,15.853656828403473,-12.195122241973877,20.73170579969883
68,gaussian_blur,229,17.030568420886993,24.45414960384369,29.694324731826782,29.257643222808838,29.694324731826782,-5.240175127983093,-4.803493618965149,-5.240175127983093
69,gaussian_blur,142,15.492957830429077,19.718310236930847,2.11267601698637,28.87323796749115,0.0,17.605634219944477,-9.154927730560303,19.718310236930847
70,gaussian_blur,77,61.03895902633667,58.44155550003052,75.32467246055603,38.96103799343109,63.63636255264282,-16.883116960525513,19.480517506599426,-5.194807052612305
71,gaussian_blur,36,11.11111119389534,13.88888955116272,0.0,11.11111119389534,0.0,13.88888955116272,2.7777783572673798,13.88888955116272
72,gaussian_blur,161,42.85714328289032,40.3726726770401,47.826087474823,26.708075404167175,50.31055808067322,-7.453414797782898,13.664597272872925,-9.937885403633118
73,gaussian_blur,228,26.754385232925415,31.14035129547119,19.29824650287628,27.192983031272888,19.29824650287628,11.84210479259491,3.9473682641983032,11.84210479259491
74,gaussian_blur,164,68.29267740249634,73.17072749137878,92.07316637039185,54.26828861236572,92.07316637039185,-18.90243887901306,18.90243887901306,-18.90243887901306
75,gaussian_blur,200,28.999999165534973,45.99999785423279,42.49999821186066,50.0,42.49999821186066,3.4999996423721313,-4.000002145767212,3.4999996423721313
76,gaussian_blur,167,50.29940605163574,56.28742575645447,54.4910192489624,39.52096104621887,54.4910192489624,1.7964065074920654,16.766464710235596,1.7964065074920654
77,gaussian_blur,172,36.04651093482971,31.976744532585144,51.16279125213623,17.44185984134674,51.744186878204346,-19.186046719551086,14.534884691238403,-19.7674423456192
78,gaussian_blur,98,10.204081237316132,14.28571343421936,0.0,16.326530277729034,0.0,14.28571343421936,-2.040816843509674,14.28571343421936
79,gaussian_blur,18,55.55555820465088,33.33333432674408,0.0,27.77777910232544,16.66666716337204,33.33333432674408,5.55555522441864,16.66666716337204
80,gaussian_blur,80,68.75,78.75000238418579,81.25,45.00000178813934,81.25,-2.499997615814209,33.75000059604645,-2.499997615814209
81,gaussian_blur,17,5.882352963089943,5.882352963089943,0.0,5.882352963089943,0.0,5.882352963089943,0.0,5.882352963089943
82,gaussian_blur,163,11.042944341897964,13.49693238735199,0.0,19.018404185771942,0.0,13.49693238735199,-5.521471798419952,13.49693238735199
83,gaussian_blur,509,58.74263644218445,56.77799582481384,77.79961228370667,26.915520429611206,79.1748583316803,-21.021616458892822,29.862475395202637,-22.396862506866455
84,gaussian_blur,254,68.11023354530334,64.96062874794006,71.2598443031311,42.12598502635956,71.2598443031311,-6.29921555519104,22.834643721580505,-6.29921555519104
85,gaussian_blur,222,58.10810923576355,58.55855941772461,63.9639675617218,42.79279410839081,63.9639675617218,-5.405408143997192,15.765765309333801,-5.405408143997192
86,gaussian_blur,40,10.000000149011612,10.000000149011612,5.000000074505806,2.500000037252903,10.000000149011612,5.000000074505806,7.500000111758709,0.0
87,gaussian_blur,150,24.666666984558105,28.00000011920929,39.33333456516266,24.000000953674316,4.666666686534882,-11.33333444595337,3.999999165534973,23.333333432674408
88,gaussian_blur,77,40.25973975658417,42.85714328289032,48.051947355270386,27.272728085517883,48.051947355270386,-5.194804072380066,15.584415197372437,-5.194804072380066
89,gaussian_blur,155,12.903225421905518,14.193548262119293,3.870967775583267,10.322580486536026,3.870967775583267,10.322580486536026,3.870967775583267,10.322580486536026
90,gaussian_blur,155,25.161290168762207,25.806450843811035,12.903225421905518,20.645160973072052,7.741935551166534,12.903225421905518,5.161289870738983,18.0645152926445
91,gaussian_blur,183,2.185792289674282,2.185792289674282,0.0,2.7322404086589813,0.0,2.185792289674282,-0.5464481189846992,2.185792289674282
92,gaussian_blur,96,45.83333432674408,72.91666865348816,71.875,80.20833730697632,71.875,1.0416686534881592,-7.291668653488159,1.0416686534881592
93,gaussian_blur,218,2.293577790260315,3.669724613428116,0.0,5.504586920142174,0.0,3.669724613428116,-1.834862306714058,3.669724613428116
94,gaussian_blur,293,18.0887371301651,22.86689281463623,0.0,30.034127831459045,0.0,22.86689281463623,-7.167235016822815,22.86689281463623
95,gaussian_blur,38,36.84210479259491,55.263155698776245,57.894736528396606,60.52631735801697,57.894736528396606,-2.6315808296203613,-5.263161659240723,-2.6315808296203613
96,gaussian_blur,215,5.581395328044891,5.581395328044891,0.4651162773370743,4.651162773370743,0.4651162773370743,5.116279050707817,0.9302325546741486,5.116279050707817
97,gaussian_blur,170,42.941176891326904,36.4705890417099,59.41176414489746,21.764706075191498,67.05882549285889,-22.94117510318756,14.705882966518402,-30.588236451148987
98,gaussian_blur,66,15.15151560306549,18.18181872367859,6.060606241226196,15.15151560306549,1.515151560306549,12.121212482452393,3.030303120613098,16.66666716337204
99,gaussian_blur,145,10.34482717514038,11.034482717514038,0.6896551698446274,12.413793057203293,0.6896551698446274,10.34482754766941,-1.3793103396892548,10.34482754766941
