client,bank,context,max_error,objective,iterations
0,A,clean,2.6913407665727996e-16,9.932080908515737e-33,1
0,A,brightness_dark,1.4668893506618941e-15,5.038864680280011e-32,1
0,A,contrast_low,8.519544785999353e-16,3.488491075048286e-32,1
0,A,gaussian_noise,4.3021142204224816e-16,1.2717156164031967e-32,1
0,A,gaussian_blur,1.0269562977782698e-15,6.734886737556021e-32,1
0,B,clean,2.6913407665727996e-16,9.932080908515737e-33,1
0,B,brightness_dark,3.875769199371611e-16,5.923739211759803e-33,1
0,B,contrast_low,1.0105085380026998e-15,4.063862645933973e-32,1
0,B,gaussian_noise,3.7470027081099033e-16,9.852335371755953e-33,1
0,B,gaussian_blur,5.412337245047638e-16,2.767471052118315e-32,1
1,A,clean,4.440892098500626e-16,4.587625312841158e-33,1
1,A,brightness_dark,1.8592946937735077e-15,1.1520070332973775e-31,1
1,A,contrast_low,1.3600232051658168e-15,6.928532974933081e-32,1
1,A,gaussian_noise,2.220446049250313e-16,3.20787706361999e-33,1
1,A,gaussian_blur,9.159339953157541e-16,1.8297839104447793e-32,1
1,B,clean,4.440892098500626e-16,4.587625312841158e-33,1
1,B,brightness_dark,2.220446049250313e-16,2.407412430484045e-34,1
1,B,contrast_low,8.881784197001252e-16,2.3333844982466604e-32,1
1,B,gaussian_noise,1.1537902893911354e-15,2.4585699446318308e-32,1
1,B,gaussian_blur,7.771561172376096e-16,6.573740567990495e-33,1
2,A,clean,6.193720261923587e-16,4.772695143434619e-33,1
2,A,brightness_dark,1.2906342661267445e-15,6.6540879578579e-32,1
2,A,contrast_low,9.645062526431047e-16,1.7814851985581932e-32,1
2,A,gaussian_noise,6.661338147750939e-16,8.012470421758522e-32,1
2,A,gaussian_blur,6.036837696399289e-16,3.3475069845880643e-32,1
2,B,clean,6.193720261923587e-16,4.772695143434619e-33,1
2,B,brightness_dark,6.661338147750939e-16,7.437098850872835e-32,1
2,B,contrast_low,2.123301534595612e-15,1.5925033227651956e-32,1
2,B,gaussian_noise,3.3306690738754696e-16,3.695378080793009e-33,1
2,B,gaussian_blur,1.429412144204889e-15,8.197239325798173e-33,1
3,A,clean,0.0,0.0,1
3,A,brightness_dark,9.992007221626409e-16,3.5063962050000113e-32,1
3,A,contrast_low,2.220446049250313e-16,3.3839190975991355e-33,1
3,A,gaussian_noise,2.220446049250313e-16,3.123617628553048e-33,1
3,A,gaussian_blur,1.7763568394002505e-15,2.907552362917105e-32,1
3,B,clean,0.0,0.0,1
3,B,brightness_dark,9.893480327072532e-17,8.967611303553067e-34,1
3,B,contrast_low,1.887379141862766e-15,1.3568928774592603e-31,1
3,B,gaussian_noise,1.3322676295501878e-15,8.55835119037078e-33,1
3,B,gaussian_blur,1.3322676295501878e-15,2.998432182167878e-32,1
4,A,clean,6.661338147750939e-16,1.779077786127709e-32,1
4,A,brightness_dark,3.748981666490889e-16,7.974553675978398e-33,1
4,A,contrast_low,1.3750419360512731e-15,9.131315348825982e-32,1
4,A,gaussian_noise,1.0200174038743626e-15,2.9900062386611837e-32,1
4,A,gaussian_blur,6.106226635438361e-16,1.7477814245314165e-32,1
4,B,clean,6.661338147750939e-16,1.779077786127709e-32,1
4,B,brightness_dark,1.3322676295501878e-15,4.723945041717317e-32,1
4,B,contrast_low,2.2690183065776637e-15,9.298630512744623e-33,1
4,B,gaussian_noise,3.3306690738754696e-16,7.679645653244103e-33,1
4,B,gaussian_blur,5.620504062164855e-16,9.009741021086538e-33,1
5,A,clean,1.3877787807814457e-16,4.092601131822876e-34,1
5,A,brightness_dark,5.551115123125783e-16,4.286698759030652e-33,1
5,A,contrast_low,8.326672684688674e-16,2.939601040897924e-32,1
5,A,gaussian_noise,1.5543122344752192e-15,6.254607957674454e-32,1
5,A,gaussian_blur,4.440892098500626e-16,1.807515345462802e-32,1
5,B,clean,1.3877787807814457e-16,4.092601131822876e-34,1
5,B,brightness_dark,1.2212453270876722e-15,1.389227435666199e-32,1
5,B,contrast_low,6.106226635438361e-16,2.625433718719756e-32,1
5,B,gaussian_noise,1.7183731160566681e-15,1.507642034590633e-32,1
5,B,gaussian_blur,9.992007221626409e-16,9.539371755793028e-33,1
6,A,clean,1.0547118733938987e-15,3.0732124307897885e-32,1
6,A,brightness_dark,1.4617810312467265e-15,1.76764257708291e-32,1
6,A,contrast_low,1.1102230246251565e-15,3.879545131725038e-32,1
6,A,gaussian_noise,5.551115123125783e-16,3.793179210781423e-33,1
6,A,gaussian_blur,7.771561172376096e-16,6.090302059293918e-32,1
6,B,clean,1.0547118733938987e-15,3.0732124307897885e-32,1
6,B,brightness_dark,7.771561172376096e-16,1.6370404527291505e-32,1
6,B,contrast_low,2.7755575615628914e-15,1.070470983542421e-31,1
6,B,gaussian_noise,2.1510571102112408e-16,6.802444748886479e-33,1
6,B,gaussian_blur,8.743006318923108e-16,6.007246330442218e-32,1
7,A,clean,1.8041124150158794e-16,5.2301035052265874e-33,1
7,A,brightness_dark,1.0130785099704553e-15,1.0277394129013293e-31,1
7,A,contrast_low,8.575177657322316e-16,6.592849404157462e-32,1
7,A,gaussian_noise,9.43689570931383e-16,5.239883618225429e-32,1
7,A,gaussian_blur,9.159339953157541e-16,1.047465148503608e-31,1
7,B,clean,1.8041124150158794e-16,5.2301035052265874e-33,1
7,B,brightness_dark,9.992007221626409e-16,1.6202036120434527e-31,1
7,B,contrast_low,1.2432047206924397e-15,1.2920732977684774e-31,1
7,B,gaussian_noise,4.555386368545358e-16,7.92189152906156e-33,1
7,B,gaussian_blur,3.7470027081099033e-16,1.755154125099774e-32,1
8,A,clean,1.6653345369377348e-15,1.456484520442847e-32,1
8,A,brightness_dark,8.883382309508496e-16,1.2520049271286086e-32,1
8,A,contrast_low,8.881784197001252e-16,1.4698757520874146e-32,1
8,A,gaussian_noise,1.1379786002407855e-15,1.862283978256314e-32,1
8,A,gaussian_blur,3.0531133177191805e-16,5.8259380817713885e-33,1
8,B,clean,1.6653345369377348e-15,1.456484520442847e-32,1
8,B,brightness_dark,1.4995204289015099e-15,3.9290475498268664e-32,1
8,B,contrast_low,7.771561172376096e-16,1.1460787801873106e-32,1
8,B,gaussian_noise,6.661338147750939e-16,2.517100159347974e-32,1
8,B,gaussian_blur,4.163336342344337e-16,5.622812657949297e-33,1
9,A,clean,8.326672684688674e-16,2.798015097330081e-32,1
9,A,brightness_dark,3.3306690738754696e-16,1.7589157070224052e-33,1
9,A,contrast_low,1.3322676295501878e-15,4.864477742346823e-33,1
9,A,gaussian_noise,3.318129848147804e-15,1.4942808956014466e-31,1
9,A,gaussian_blur,2.220446049250313e-16,5.89816045468591e-33,1
9,B,clean,8.326672684688674e-16,2.798015097330081e-32,1
9,B,brightness_dark,1.0858287946472513e-15,2.2948658993589157e-32,1
9,B,contrast_low,1.0935613653472113e-15,3.269266080597333e-32,1
9,B,gaussian_noise,7.216449660063518e-16,1.832040859598358e-32,1
9,B,gaussian_blur,1.0027945577168555e-15,5.736863821843479e-32,1
10,A,clean,2.220446049250313e-15,5.096642578611628e-32,1
10,A,brightness_dark,1.582067810090848e-15,1.1136689903419191e-31,1
10,A,contrast_low,8.326672684688674e-16,8.961592772476857e-33,1
10,A,gaussian_noise,1.3322676295501878e-15,3.114138442108017e-32,1
10,A,gaussian_blur,7.494005416219807e-16,5.815405652388021e-33,1
10,B,clean,2.220446049250313e-15,5.096642578611628e-32,1
10,B,brightness_dark,8.049116928532385e-16,9.521918015672018e-32,1
10,B,contrast_low,2.0539125955565396e-15,8.143072546112282e-33,1
10,B,gaussian_noise,4.440892098500626e-16,9.62964972193618e-34,1
10,B,gaussian_blur,1.0269562977782698e-15,5.995961584674324e-33,1
11,A,clean,8.326672684688674e-16,5.472650307597855e-32,1
11,A,brightness_dark,4.996003610813204e-16,1.5371328368640626e-32,1
11,A,contrast_low,8.881784197001252e-16,1.9211151195262678e-32,1
11,A,gaussian_noise,5.551115123125783e-17,1.6370404527291505e-33,1
11,A,gaussian_blur,1.0547118733938987e-15,1.5110124119933107e-31,1
11,B,clean,8.326672684688674e-16,5.472650307597855e-32,1
11,B,brightness_dark,4.440892098500626e-16,5.248159098455218e-33,1
11,B,contrast_low,8.326672684688674e-16,6.586680409804347e-32,1
11,B,gaussian_noise,3.3306690738754696e-16,9.593538535478919e-33,1
11,B,gaussian_blur,4.440892098500626e-16,3.400470058058713e-33,1
12,A,clean,4.996003610813204e-16,2.7941030521305445e-33,1
12,A,brightness_dark,1.0533617304001516e-15,1.562410667384145e-32,1
12,A,contrast_low,8.049116928532385e-16,5.177441358309749e-33,1
12,A,gaussian_noise,5.858952033074853e-16,3.7570680243241624e-33,1
12,A,gaussian_blur,9.992007221626409e-16,9.10001898722969e-33,1
12,B,clean,4.996003610813204e-16,2.7941030521305445e-33,1
12,B,brightness_dark,8.049116928532385e-16,4.9487371774137646e-33,1
12,B,contrast_low,1.619625893446237e-15,2.4024170496907904e-31,1
12,B,gaussian_noise,3.0531133177191805e-16,8.907425992790966e-34,1
12,B,gaussian_blur,7.771561172376096e-16,1.1200486332827019e-32,1
13,A,clean,2.636779683484747e-16,2.2870418089598426e-34,1
13,A,brightness_dark,3.3306690738754696e-16,1.9572263059835284e-32,1
13,A,contrast_low,1.9012569296705806e-15,3.9475545328862125e-32,1
13,A,gaussian_noise,1.3877787807814457e-15,2.1576433908213252e-32,1
13,A,gaussian_blur,4.85722573273506e-16,1.2723174695108177e-32,1
13,B,clean,2.636779683484747e-16,2.2870418089598426e-34,1
13,B,brightness_dark,1.4155343563970746e-15,6.801541969225048e-32,1
13,B,contrast_low,1.3600232051658168e-15,1.3686139667301795e-32,1
13,B,gaussian_noise,6.721682102416756e-16,1.5401421024021677e-32,1
13,B,gaussian_blur,1.2906342661267445e-15,5.2963073470648986e-33,1
14,A,clean,1.1297440078903828e-15,8.476499167734322e-32,1
14,A,brightness_dark,1.2212453270876722e-15,4.979130759348626e-32,1
14,A,contrast_low,4.440892098500626e-16,1.0851787688599095e-32,1
14,A,gaussian_noise,7.22967555498455e-16,3.8363621712532307e-32,1
14,A,gaussian_blur,8.881784197001252e-16,9.131315348825982e-32,1
14,B,clean,1.1297440078903828e-15,8.476499167734322e-32,1
14,B,brightness_dark,1.7763568394002505e-15,4.562422713959528e-31,1
14,B,contrast_low,1.0130785099704553e-15,1.4693980311832404e-31,1
14,B,gaussian_noise,8.881784197001252e-16,3.504289719123338e-33,1
14,B,gaussian_blur,8.15591843976397e-16,9.211361812139576e-32,1
15,A,clean,0.0,0.0,1
15,A,brightness_dark,0.0,0.0,1
15,A,contrast_low,0.0,0.0,1
15,A,gaussian_noise,0.0,0.0,1
15,A,gaussian_blur,1.3322676295501878e-15,1.5894940572270906e-32,1
15,B,clean,0.0,0.0,1
15,B,brightness_dark,1.9984014443252818e-15,3.5707944875154595e-32,1
15,B,contrast_low,2.886579864025407e-15,5.705567460247186e-33,1
15,B,gaussian_noise,4.440892098500626e-16,7.23728361914266e-34,1
15,B,gaussian_blur,8.881784197001252e-16,1.3240768367662246e-32,1
16,A,clean,1.2211485016004747e-15,3.159277425179593e-32,1
16,A,brightness_dark,1.2906342661267445e-15,6.25566120061279e-32,1
16,A,contrast_low,9.645062526431047e-16,1.180895982463186e-31,1
16,A,gaussian_noise,6.661338147750939e-16,3.284312408287858e-32,1
16,A,gaussian_blur,7.7021722333370235e-16,1.9327007918479722e-32,1
16,B,clean,1.2211485016004747e-15,3.159277425179593e-32,1
16,B,brightness_dark,1.186550857568136e-15,5.1533672340049084e-33,1
16,B,contrast_low,1.2212453270876722e-15,7.574321359410426e-32,1
16,B,gaussian_noise,1.5543122344752192e-15,8.07942657998136e-32,1
16,B,gaussian_blur,4.440892098500626e-16,9.468654015647559e-33,1
17,A,clean,5.551115123125783e-16,3.366314894201221e-32,1
17,A,brightness_dark,8.881784197001252e-16,1.2920131124577153e-31,1
17,A,contrast_low,7.771561172376096e-16,6.185996703405658e-32,1
17,A,gaussian_noise,5.429745474133836e-16,2.69028339106592e-32,1
17,A,gaussian_blur,4.579669976578771e-16,3.6160839338639406e-32,1
17,B,clean,5.551115123125783e-16,3.366314894201221e-32,1
17,B,brightness_dark,8.881784197001252e-16,1.4644590741188255e-32,1
17,B,contrast_low,2.1649348980190553e-15,2.5404219672682883e-32,1
17,B,gaussian_noise,4.440892098500626e-16,9.13011164261074e-33,1
17,B,gaussian_blur,5.828670879282072e-16,2.1365785320545898e-33,1
18,A,clean,5.551115123125783e-16,2.3261622609552083e-32,1
18,A,brightness_dark,1.887379141862766e-15,2.259356566009276e-32,1
18,A,contrast_low,9.104640798076695e-16,8.42744813946321e-33,1
18,A,gaussian_noise,5.551115123125783e-16,3.269867933704954e-32,1
18,A,gaussian_blur,1.2212453270876722e-15,1.3812528819902207e-32,1
18,B,clean,5.551115123125783e-16,2.3261622609552083e-32,1
18,B,brightness_dark,1.2212453270876722e-15,1.698579932983399e-32,1
18,B,contrast_low,1.0286796243744385e-15,2.6583851763620065e-32,1
18,B,gaussian_noise,2.220446049250313e-16,1.6972257634912516e-33,1
18,B,gaussian_blur,3.95516952522712e-16,4.29723118841402e-33,1
19,A,clean,1.864748310990241e-15,3.4018242275508606e-32,1
19,A,brightness_dark,1.5543122344752192e-15,5.111538443025248e-32,1
19,A,contrast_low,1.970645868709653e-15,1.991908091310189e-31,1
19,A,gaussian_noise,7.771561172376096e-16,1.9048650856205005e-32,1
19,A,gaussian_blur,4.718447854656915e-16,1.3422828932717602e-32,1
19,B,clean,1.864748310990241e-15,3.4018242275508606e-32,1
19,B,brightness_dark,1.2212453270876722e-15,1.7736987239783463e-32,1
19,B,contrast_low,1.6206532485274393e-15,9.944117970668158e-33,1
19,B,gaussian_noise,1.0783109702682383e-15,1.869506215547766e-32,1
19,B,gaussian_blur,1.5543122344752192e-15,2.754079820473747e-32,1
20,A,clean,7.771561172376096e-16,2.633709198949545e-32,1
20,A,brightness_dark,1.9984014443252818e-15,1.451823920440707e-31,1
20,A,contrast_low,1.0681701398439524e-15,2.2539775038599133e-32,1
20,A,gaussian_noise,4.440892098500626e-16,8.317609947322375e-33,1
20,A,gaussian_blur,1.624056315646749e-16,3.1898214703913594e-34,1
20,B,clean,7.771561172376096e-16,2.633709198949545e-32,1
20,B,brightness_dark,2.55351295663786e-15,2.6555000430273483e-31,1
20,B,contrast_low,9.992007221626409e-16,3.09502960594105e-32,1
20,B,gaussian_noise,2.7453831905177987e-15,2.3918244349966606e-31,1
20,B,gaussian_blur,3.3728227829829584e-16,8.06483164212155e-33,1
21,A,clean,0.0,0.0,1
21,A,brightness_dark,1.5543122344752192e-15,2.1726897185118504e-33,1
21,A,contrast_low,1.3322676295501878e-15,6.766333562429218e-33,1
21,A,gaussian_noise,4.440892098500626e-16,1.0472244072605595e-32,1
21,A,gaussian_blur,6.661338147750939e-16,8.054299212738182e-33,1
21,B,clean,0.0,0.0,1
21,B,brightness_dark,1.7763568394002505e-15,3.3512685665106956e-32,1
21,B,contrast_low,3.826103485556893e-16,1.2037062152420224e-34,1
21,B,gaussian_noise,1.5543122344752192e-15,2.145004475561284e-32,1
21,B,gaussian_blur,0.0,0.0,1
22,A,clean,1.1102230246251565e-15,1.6490775148815707e-32,1
22,A,brightness_dark,3.3306690738754696e-16,6.748277969200588e-33,1
22,A,contrast_low,9.43689570931383e-16,1.2952029339281066e-31,1
22,A,gaussian_noise,3.3306690738754696e-16,1.1591690852780676e-32,1
22,A,gaussian_blur,7.793879998845208e-16,7.270385540061815e-33,1
22,B,clean,1.1102230246251565e-15,1.6490775148815707e-32,1
22,B,brightness_dark,2.7755575615628914e-16,6.1449202288105244e-33,1
22,B,contrast_low,2.7755575615628914e-15,1.1567616728475835e-32,1
22,B,gaussian_noise,4.4157991676208613e-16,1.7598184866838368e-32,1
22,B,gaussian_blur,2.220446049250313e-16,1.3361138989186449e-33,1
23,A,clean,3.648948032790991e-16,1.4137529498017553e-32,1
23,A,brightness_dark,1.0547118733938987e-15,3.502183233246664e-32,1
23,A,contrast_low,1.3600232051658168e-15,3.2572290184449126e-32,1
23,A,gaussian_noise,2.2106371585367018e-16,9.352797292430514e-33,1
23,A,gaussian_blur,1.096345236817342e-15,2.6704222385144267e-32,1
23,B,clean,3.648948032790991e-16,1.4137529498017553e-32,1
23,B,brightness_dark,6.38378239159465e-16,9.437056727497456e-33,1
23,B,contrast_low,1.609823385706477e-15,2.5620886791426447e-32,1
23,B,gaussian_noise,4.440892098500626e-16,2.9430616962667448e-33,1
23,B,gaussian_blur,5.551115123125783e-16,1.769448136405773e-32,1
24,A,clean,9.298117831235686e-16,5.255983188854291e-32,1
24,A,brightness_dark,5.620504062164855e-16,1.5708366108908392e-33,1
24,A,contrast_low,1.4540998414811742e-15,7.441913675733804e-32,1
24,A,gaussian_noise,8.881784197001252e-16,1.6225959781462462e-32,1
24,A,gaussian_blur,6.811708778503556e-16,2.0150042043151455e-32,1
24,B,clean,9.298117831235686e-16,5.255983188854291e-32,1
24,B,brightness_dark,1.061650767297806e-15,5.783808364237918e-32,1
24,B,contrast_low,7.216449660063518e-16,4.355610939853258e-32,1
24,B,gaussian_noise,8.779459572510811e-16,5.422696499665311e-33,1
24,B,gaussian_blur,7.369432298514284e-16,4.1142678436972326e-32,1
25,A,clean,5.551115123125783e-16,3.659266894335748e-33,1
25,A,brightness_dark,9.43689570931383e-16,1.1579653790628256e-31,1
25,A,contrast_low,7.216449660063518e-16,2.6048202497837365e-32,1
25,A,gaussian_noise,5.551115123125783e-16,2.42245875817457e-32,1
25,A,gaussian_blur,1.3322676295501878e-15,2.91056162845521e-32,1
25,B,clean,5.551115123125783e-16,3.659266894335748e-33,1
25,B,brightness_dark,1.6653345369377348e-15,8.042262150585762e-33,1
25,B,contrast_low,7.494005416219807e-16,3.057564249991642e-32,1
25,B,gaussian_noise,1.3322676295501878e-15,3.171765877162729e-32,1
25,B,gaussian_blur,3.885780586188048e-16,2.4031994587306977e-32,1
26,A,clean,1.8110513089197866e-15,3.705760046899471e-32,1
26,A,brightness_dark,7.632783294297951e-17,6.142663279656946e-34,1
26,A,contrast_low,1.695254412968551e-15,1.6816151985123316e-32,1
26,A,gaussian_noise,1.0412012236595151e-15,2.8696356171369814e-32,1
26,A,gaussian_blur,8.396061623727746e-16,8.437980568846577e-33,1
26,B,clean,1.8110513089197866e-15,3.705760046899471e-32,1
26,B,brightness_dark,4.718447854656915e-16,4.463116951202061e-33,1
26,B,contrast_low,1.5193861666172869e-15,1.7415823375229201e-31,1
26,B,gaussian_noise,1.7694179454963432e-15,2.6898320012352043e-32,1
26,B,gaussian_blur,1.0017536870510962e-15,3.8963970187384265e-32,1
27,A,clean,4.440892098500626e-16,2.5771726226523963e-32,1
27,A,brightness_dark,1.2212453270876722e-15,1.862946016674697e-31,1
27,A,contrast_low,1.4432899320127035e-15,1.1606285790640485e-31,1
27,A,gaussian_noise,1.5543122344752192e-15,3.2756758161934966e-31,1
27,A,gaussian_blur,3.3306690738754696e-16,2.643940701779102e-32,1
27,B,clean,4.440892098500626e-16,2.5771726226523963e-32,1
27,B,brightness_dark,8.637372604890587e-16,7.01301810491538e-32,1
27,B,contrast_low,8.881784197001252e-16,7.180258037195569e-32,1
27,B,gaussian_noise,5.551115123125783e-16,2.810353086036312e-32,1
27,B,gaussian_blur,1.1102230246251565e-15,2.2097789162689953e-31,1
28,A,clean,9.159339953157541e-16,8.98115299847454e-33,1
28,A,brightness_dark,2.1094237467877974e-15,3.601488996004131e-32,1
28,A,contrast_low,9.159339953157541e-16,5.916366511191445e-32,1
28,A,gaussian_noise,7.494005416219807e-16,1.2471901022676405e-32,1
28,A,gaussian_blur,1.1379786002407855e-15,1.2098752095951378e-32,1
28,B,clean,9.159339953157541e-16,8.98115299847454e-33,1
28,B,brightness_dark,1.0547118733938987e-15,2.519507571778458e-32,1
28,B,contrast_low,1.3322676295501878e-15,3.659266894335748e-33,1
28,B,gaussian_noise,9.43689570931383e-16,2.2163240688143738e-33,1
28,B,gaussian_blur,6.661338147750939e-16,5.2301035052265874e-33,1
29,A,clean,8.881784197001252e-16,1.3398303418582046e-31,1
29,A,brightness_dark,6.661338147750939e-16,6.352710014216679e-32,1
29,A,contrast_low,1.2212453270876722e-15,1.865639309331301e-31,1
29,A,gaussian_noise,1.1102230246251565e-16,6.721194579357643e-33,1
29,A,gaussian_blur,1.3322676295501878e-15,1.2263057994331914e-31,1
29,B,clean,8.881784197001252e-16,1.3398303418582046e-31,1
29,B,brightness_dark,1.2212453270876722e-15,1.1411210152132825e-31,1
29,B,contrast_low,4.440892098500626e-16,1.1208009496672281e-32,1
29,B,gaussian_noise,3.765055838242626e-16,3.41927796767187e-32,1
29,B,gaussian_blur,4.440892098500626e-16,8.388327687467844e-33,1
30,A,clean,1.887379141862766e-15,4.5593758326021967e-32,1
30,A,brightness_dark,1.4988010832439613e-15,3.0563605437764e-32,1
30,A,contrast_low,9.992007221626409e-16,9.467149382878506e-33,1
30,A,gaussian_noise,1.1102230246251565e-15,3.710424408483534e-32,1
30,A,gaussian_blur,4.3021142204224816e-16,7.49307118988159e-33,1
30,B,clean,1.887379141862766e-15,4.5593758326021967e-32,1
30,B,brightness_dark,1.5057399771478686e-15,4.9069460022533307e-32,1
30,B,contrast_low,2.0539125955565396e-15,2.30931037394182e-32,1
30,B,gaussian_noise,1.3808398868775384e-15,1.4530238650740263e-32,1
30,B,gaussian_blur,7.424616477180734e-16,1.127270870574154e-32,1
31,A,clean,6.661338147750939e-16,3.659868747443369e-32,1
31,A,brightness_dark,7.771561172376096e-16,5.256735505238817e-32,1
31,A,contrast_low,5.551115123125783e-16,3.049138306484948e-32,1
31,A,gaussian_noise,1.2212453270876722e-15,1.7603601544806957e-31,1
31,A,gaussian_blur,3.234922359877633e-16,8.510202941761098e-33,1
31,B,clean,6.661338147750939e-16,3.659868747443369e-32,1
31,B,brightness_dark,1.3322676295501878e-15,1.8449355624291383e-31,1
31,B,contrast_low,0.0,0.0,1
31,B,gaussian_noise,6.661338147750939e-16,3.847345990467314e-32,1
31,B,gaussian_blur,3.1043969862680796e-16,7.067260116239724e-33,1
32,A,clean,9.992007221626409e-16,2.861209673630287e-32,1
32,A,brightness_dark,7.494005416219807e-16,3.588549154190279e-33,1
32,A,contrast_low,9.159339953157541e-16,1.0521896953984328e-32,1
32,A,gaussian_noise,6.263022289201458e-16,3.647229832183328e-32,1
32,A,gaussian_blur,1.304512053934559e-15,2.516347842963448e-32,1
32,B,clean,9.992007221626409e-16,2.861209673630287e-32,1
32,B,brightness_dark,6.938893903907228e-16,1.8711613115937238e-32,1
32,B,contrast_low,7.771561172376096e-16,6.138901697734314e-33,1
32,B,gaussian_noise,4.718447854656915e-16,7.348626444052547e-33,1
32,B,gaussian_blur,1.27675647831893e-15,1.6514849273120547e-32,1
33,A,clean,6.661338147750939e-16,3.072460114405262e-32,1
33,A,brightness_dark,1.2212453270876722e-15,3.2506086342610815e-32,1
33,A,contrast_low,1.7763568394002505e-15,2.2268564981977415e-32,1
33,A,gaussian_noise,4.440892098500626e-16,7.89781740475672e-33,1
33,A,gaussian_blur,5.273559366969494e-16,1.2518544638517033e-32,1
33,B,clean,6.661338147750939e-16,3.072460114405262e-32,1
33,B,brightness_dark,1.2268615719031148e-15,5.578125064708437e-32,1
33,B,contrast_low,1.4151138217409978e-15,2.2558959106404552e-32,1
33,B,gaussian_noise,6.661338147750939e-16,2.9107120917321154e-32,1
33,B,gaussian_blur,9.358566458826827e-16,1.507040181483012e-32,1
34,A,clean,4.163336342344337e-16,2.2388935603501617e-33,1
34,A,brightness_dark,2.9976021664879227e-15,7.151519551306666e-33,1
34,A,contrast_low,9.992007221626409e-16,5.019605380836139e-32,1
34,A,gaussian_noise,6.661338147750939e-16,1.1508936050482787e-32,1
34,A,gaussian_blur,7.771561172376096e-16,2.3183381705561352e-32,1
34,B,clean,4.163336342344337e-16,2.2388935603501617e-33,1
34,B,brightness_dark,7.592166937981016e-16,4.5457965218614976e-32,1
34,B,contrast_low,1.3322676295501878e-15,2.7012672102800035e-32,1
34,B,gaussian_noise,1.4432899320127035e-15,3.6833410186405886e-33,1
34,B,gaussian_blur,1.1102230246251565e-15,2.249125063179719e-32,1
35,A,clean,2.2449612971443744e-16,3.802207007395738e-33,1
35,A,brightness_dark,8.039869717457135e-16,1.2104168773919967e-31,1
35,A,contrast_low,5.551115123125783e-16,4.922707030509156e-32,1
35,A,gaussian_noise,1.1102230246251565e-16,2.6496583063015018e-33,1
35,A,gaussian_blur,1.3417155145538748e-15,1.0865856004989736e-31,1
35,B,clean,2.2449612971443744e-16,3.802207007395738e-33,1
35,B,brightness_dark,4.440892098500626e-16,1.5479661928012408e-32,1
35,B,contrast_low,7.403579083978954e-16,5.81510472583421e-32,1
35,B,gaussian_noise,5.551115123125783e-16,1.8428742155355363e-32,1
35,B,gaussian_blur,3.3722387980360704e-16,1.927133650602478e-32,1
36,A,clean,6.181237653874711e-16,3.7964894028733387e-32,1
36,A,brightness_dark,1.4432899320127035e-15,3.1856084986380123e-32,1
36,A,contrast_low,2.0469737016526324e-15,1.7374897363910972e-31,1
36,A,gaussian_noise,5.134781488891349e-16,9.972705993280156e-33,1
36,A,gaussian_blur,6.036837696399289e-16,1.5894940572270906e-32,1
36,B,clean,6.181237653874711e-16,3.7964894028733387e-32,1
36,B,brightness_dark,1.1662150430832997e-15,7.199517336639441e-32,1
36,B,contrast_low,3.3306690738754696e-16,1.02375213606334e-32,1
36,B,gaussian_noise,8.309754934966505e-16,2.1624582156822933e-32,1
36,B,gaussian_blur,7.705510140885201e-16,2.619264724366641e-32,1
37,A,clean,7.771561172376096e-16,1.9740781929969167e-32,1
37,A,brightness_dark,7.216449660063518e-16,4.604176273300736e-33,1
37,A,contrast_low,3.191891195797325e-16,9.015759552162748e-33,1
37,A,gaussian_noise,9.992007221626409e-16,6.569828522790958e-32,1
37,A,gaussian_blur,5.975687802872068e-16,6.0967719802008435e-33,1
37,B,clean,7.771561172376096e-16,1.9740781929969167e-32,1
37,B,brightness_dark,4.926614671774132e-16,3.932508205195687e-32,1
37,B,contrast_low,7.216449660063518e-16,2.9394505776210187e-32,1
37,B,gaussian_noise,4.440892098500626e-16,1.1459283169104053e-32,1
37,B,gaussian_blur,9.43689570931383e-16,3.4088960015654075e-32,1
38,A,clean,2.220446049250313e-16,1.021946576740477e-32,1
38,A,brightness_dark,2.220446049250313e-16,2.168175820204693e-33,1
38,A,contrast_low,8.881784197001252e-16,6.277327912487147e-32,1
38,A,gaussian_noise,6.336556977477878e-16,3.7190008152671335e-32,1
38,A,gaussian_blur,5.632559300541588e-16,3.821767233393421e-33,1
38,B,clean,2.220446049250313e-16,1.021946576740477e-32,1
38,B,brightness_dark,5.551115123125783e-16,3.0935249731719976e-32,1
38,B,contrast_low,1.6653345369377348e-15,2.5147980712113237e-31,1
38,B,gaussian_noise,1.7763568394002505e-15,3.474738731539146e-31,1
38,B,gaussian_blur,6.661338147750939e-16,1.2735211757260597e-32,1
39,A,clean,6.661338147750939e-16,1.434968271845396e-32,1
39,A,brightness_dark,1.2212453270876722e-15,1.5242306108694372e-32,1
39,A,contrast_low,0.0,0.0,1
39,A,gaussian_noise,4.440892098500626e-16,2.6978065549111827e-33,1
39,A,gaussian_blur,2.6645352591003757e-15,3.7256211994509646e-32,1
39,B,clean,6.661338147750939e-16,1.434968271845396e-32,1
39,B,brightness_dark,3.3306690738754696e-16,4.4330242958210107e-33,1
39,B,contrast_low,2.9985501218913153e-16,1.0126178535723514e-33,1
39,B,gaussian_noise,0.0,0.0,1
39,B,gaussian_blur,3.3306690738754696e-16,3.0107701708741085e-33,1
40,A,clean,6.661338147750939e-16,1.3037642943840155e-32,1
40,A,brightness_dark,4.440892098500626e-16,3.25858318793706e-32,1
40,A,contrast_low,5.374193652186114e-16,6.391680002935139e-33,1
40,A,gaussian_noise,3.3306690738754696e-16,7.639020568479685e-33,1
40,A,gaussian_blur,2.220446049250313e-16,4.792255369432302e-33,1
40,B,clean,6.661338147750939e-16,1.3037642943840155e-32,1
40,B,brightness_dark,2.850409700642338e-16,6.800940116117427e-33,1
40,B,contrast_low,7.771561172376096e-16,3.593063052497437e-32,1
40,B,gaussian_noise,2.220446049250313e-16,3.9541749170700436e-33,1
40,B,gaussian_blur,5.551115123125783e-16,9.786131529917642e-33,1
41,A,clean,9.420200741079388e-16,2.58315353790938e-32,1
41,A,brightness_dark,1.6653345369377348e-15,1.005245153003994e-32,1
41,A,contrast_low,3.3306690738754696e-16,7.681150286013155e-33,1
41,A,gaussian_noise,1.2212453270876722e-15,2.0401014789029417e-31,1
41,A,gaussian_blur,5.689893001203927e-16,1.1441227575875423e-32,1
41,B,clean,9.420200741079388e-16,2.58315353790938e-32,1
41,B,brightness_dark,1.366962099069724e-15,3.114138442108017e-32,1
41,B,contrast_low,1.952808369455686e-15,6.200441177988563e-32,1
41,B,gaussian_noise,7.771561172376096e-16,9.846316840679743e-33,1
41,B,gaussian_blur,5.551115123125783e-16,6.800940116117427e-34,1
42,A,clean,7.457984371881999e-16,9.756038874536592e-33,1
42,A,brightness_dark,5.801687507827817e-16,4.137288725063736e-32,1
42,A,contrast_low,5.229643494234813e-16,1.7683948934674362e-32,1
42,A,gaussian_noise,9.992007221626409e-16,2.3339863513542814e-32,1
42,A,gaussian_blur,1.0998367183826475e-15,2.5590794136045396e-32,1
42,B,clean,7.457984371881999e-16,9.756038874536592e-33,1
42,B,brightness_dark,1.3441187997882353e-15,5.382522804731608e-32,1
42,B,contrast_low,1.1102230246251565e-15,9.519059213410818e-32,1
42,B,gaussian_noise,8.881784197001252e-16,6.98149604840373e-33,1
42,B,gaussian_blur,5.134781488891349e-16,1.346345401748202e-32,1
43,A,clean,5.551115123125783e-16,1.7298762945796915e-32,1
43,A,brightness_dark,7.771561172376096e-16,2.6126443401828096e-32,1
43,A,contrast_low,4.440892098500626e-16,1.661114577033991e-33,1
43,A,gaussian_noise,5.551115123125783e-16,6.909273675489209e-33,1
43,A,gaussian_blur,7.771561172376096e-16,1.7411610403475854e-32,1
43,B,clean,5.551115123125783e-16,1.7298762945796915e-32,1
43,B,brightness_dark,8.881784197001252e-16,1.2146900344561059e-32,1
43,B,contrast_low,1.6139242348010876e-15,1.4095399780484082e-32,1
43,B,gaussian_noise,8.881784197001252e-16,3.438386803838837e-32,1
43,B,gaussian_blur,1.1102230246251565e-16,7.718766105239469e-34,1
44,A,clean,4.996003610813204e-16,4.0528788267198894e-32,1
44,A,brightness_dark,1.3322676295501878e-15,1.2238081090365642e-31,1
44,A,contrast_low,1.6306400674181987e-15,1.0868865270527841e-31,1
44,A,gaussian_noise,5.551115123125783e-16,1.5293087464649895e-32,1
44,A,gaussian_blur,7.771561172376096e-16,1.5261189249945981e-31,1
44,B,clean,4.996003610813204e-16,4.0528788267198894e-32,1
44,B,brightness_dark,3.677613769070831e-16,9.449093789649876e-34,1
44,B,contrast_low,1.8735013540549517e-15,1.262988746342692e-31,1
44,B,gaussian_noise,4.2327252813834093e-16,3.805216272933843e-33,1
44,B,gaussian_blur,1.2212453270876722e-15,1.4068316390641137e-31,1
45,A,clean,5.412337245047638e-16,2.249877379564245e-32,1
45,A,brightness_dark,1.4988010832439613e-15,1.4372252209989748e-32,1
45,A,contrast_low,1.80598249343871e-15,1.277282757648691e-32,1
45,A,gaussian_noise,1.033895191682177e-15,4.6523245219104166e-33,1
45,A,gaussian_blur,7.216449660063518e-16,1.1089143507917131e-33,1
45,B,clean,5.412337245047638e-16,2.249877379564245e-32,1
45,B,brightness_dark,1.6653345369377348e-15,3.6719434254150157e-32,1
45,B,contrast_low,3.774758283725532e-15,1.3936510560072135e-31,1
45,B,gaussian_noise,7.979727989493313e-16,3.264451255736365e-32,1
45,B,gaussian_blur,1.2698175844150228e-15,1.1773751417836032e-32,1
46,A,clean,2.0192181260370035e-15,3.3667662840319367e-32,1
46,A,brightness_dark,4.996003610813204e-16,2.3607688146434164e-33,1
46,A,contrast_low,1.6167622796103842e-15,3.2027989280244374e-32,1
46,A,gaussian_noise,1.3877787807814457e-16,4.333342374871281e-34,1
46,A,gaussian_blur,1.3461454173580023e-15,2.7459548035208636e-33,1
46,B,clean,2.0192181260370035e-15,3.3667662840319367e-32,1
46,B,brightness_dark,1.4287409904592388e-15,3.1871883630455175e-33,1
46,B,contrast_low,1.4155343563970746e-15,1.0940523406153968e-31,1
46,B,gaussian_noise,1.4085954624931674e-15,9.178259891220421e-33,1
46,B,gaussian_blur,2.671474153004283e-15,1.2062640909494117e-32,1
47,A,clean,5.764164527357511e-16,2.1907453117404808e-33,1
47,A,brightness_dark,9.71445146547012e-16,4.85093604742535e-33,1
47,A,contrast_low,1.6653345369377348e-15,7.203730308392788e-32,1
47,A,gaussian_noise,3.9816603247352484e-16,5.2301035052265874e-33,1
47,A,gaussian_blur,9.298117831235686e-16,2.5097274587796167e-32,1
47,B,clean,5.764164527357511e-16,2.1907453117404808e-33,1
47,B,brightness_dark,1.1518563880486e-15,5.022464183097338e-32,1
47,B,contrast_low,1.0564291579197362e-15,2.798015097330081e-32,1
47,B,gaussian_noise,1.1518563880486e-15,5.4046409064366806e-33,1
47,B,gaussian_blur,7.632783294297951e-16,1.876577989562313e-32,1
48,A,clean,1.4432899320127035e-15,1.2012988028115384e-31,1
48,A,brightness_dark,1.6653345369377348e-15,1.3072851350635984e-31,1
48,A,contrast_low,1.4432899320127035e-15,4.129314171387758e-32,1
48,A,gaussian_noise,6.661338147750939e-16,1.882596520638523e-32,1
48,A,gaussian_blur,9.992007221626409e-16,1.8513001590422305e-32,1
48,B,clean,1.4432899320127035e-15,1.2012988028115384e-31,1
48,B,brightness_dark,3.154878470374451e-16,5.22558960691943e-33,1
48,B,contrast_low,1.7763568394002505e-15,6.206459709064773e-32,1
48,B,gaussian_noise,3.885780586188048e-16,2.4856533344747763e-33,1
48,B,gaussian_blur,6.661338147750939e-16,4.186490216611754e-32,1
49,A,clean,1.3322676295501878e-15,2.5898942927147354e-31,1
49,A,brightness_dark,1.4432899320127035e-15,5.664791912205863e-32,1
49,A,contrast_low,3.1086244689504383e-15,7.122480138863952e-32,1
49,A,gaussian_noise,5.551115123125783e-16,2.507470509626038e-32,1
49,A,gaussian_blur,4.996003610813204e-16,2.5446349390216354e-32,1
49,B,clean,1.3322676295501878e-15,2.5898942927147354e-31,1
49,B,brightness_dark,6.38378239159465e-16,4.5506113467224657e-32,1
49,B,contrast_low,1.3322676295501878e-15,1.774262961266741e-32,1
49,B,gaussian_noise,4.440892098500626e-16,6.86263005964858e-33,1
49,B,gaussian_blur,2.1604854186038285e-16,5.952327234371801e-33,1
50,A,clean,7.694243753668381e-16,3.3926835834788665e-32,1
50,A,brightness_dark,2.914335439641036e-15,4.1708420358136076e-33,1
50,A,contrast_low,3.3306690738754696e-15,2.048444667607338e-32,1
50,A,gaussian_noise,7.216449660063518e-16,7.423406692674457e-32,1
50,A,gaussian_blur,2.7755575615628914e-15,1.2410361542422156e-31,1
50,B,clean,7.694243753668381e-16,3.3926835834788665e-32,1
50,B,brightness_dark,1.6653345369377348e-15,2.447774204513879e-32,1
50,B,contrast_low,1.887379141862766e-15,2.950923402485044e-32,1
50,B,gaussian_noise,5.551115123125783e-16,2.569310916434097e-32,1
50,B,gaussian_blur,1.3322676295501878e-15,2.1377822382698318e-32,1
51,A,clean,9.412981737522783e-16,4.4308425783058845e-32,1
51,A,brightness_dark,1.0477729794899915e-15,3.6713039564881683e-33,1
51,A,contrast_low,1.2212453270876722e-15,3.1356546907054684e-32,1
51,A,gaussian_noise,1.6930901125533637e-15,2.0703746902162785e-32,1
51,A,gaussian_blur,1.1657341758564144e-15,1.182641356475287e-32,1
51,B,clean,9.412981737522783e-16,4.4308425783058845e-32,1
51,B,brightness_dark,6.661338147750939e-16,2.1841249275566497e-32,1
51,B,contrast_low,1.2698175844150228e-15,2.0517172438800272e-32,1
51,B,gaussian_noise,2.636779683484747e-16,2.7685242950566515e-34,1
51,B,gaussian_blur,8.43137583182222e-16,2.730607549276528e-32,1
52,A,clean,1.3322676295501878e-15,2.4417180576184425e-32,1
52,A,brightness_dark,1.3600232051658168e-15,9.80482659207312e-32,1
52,A,contrast_low,3.885780586188048e-16,8.378171416276739e-33,1
52,A,gaussian_noise,9.992007221626409e-16,1.4685215825952673e-32,1
52,A,gaussian_blur,3.3306690738754696e-16,5.494918872579832e-33,1
52,B,clean,1.3322676295501878e-15,2.4417180576184425e-32,1
52,B,brightness_dark,7.771561172376096e-16,2.746857583182295e-32,1
52,B,contrast_low,1.6653345369377348e-15,5.707072093016239e-33,1
52,B,gaussian_noise,1.7763568394002505e-15,2.3353405208464287e-32,1
52,B,gaussian_blur,7.077671781985373e-16,2.7185704871241076e-32,1
53,A,clean,1.654061857541868e-15,6.577652613190031e-32,1
53,A,brightness_dark,1.1913320093291795e-15,1.9068211082202687e-32,1
53,A,contrast_low,7.704189752605664e-16,2.961117289495375e-32,1
53,A,gaussian_noise,5.67883008940686e-16,1.3746324978063896e-32,1
53,A,gaussian_blur,1.6653345369377348e-16,2.4555606790937257e-33,1
53,B,clean,1.654061857541868e-15,6.577652613190031e-32,1
53,B,brightness_dark,4.440892098500626e-16,3.228340069279104e-32,1
53,B,contrast_low,5.551115123125783e-16,3.3982131089051345e-32,1
53,B,gaussian_noise,2.9359346591187747e-16,6.072697855896003e-33,1
53,B,gaussian_blur,5.096587881329932e-16,8.425943506694157e-34,1
54,A,clean,1.2473603859382841e-15,1.8591242494413036e-32,1
54,A,brightness_dark,1.1102230246251565e-15,4.0313625781224383e-32,1
54,A,contrast_low,8.881784197001252e-16,2.6496583063015018e-33,1
54,A,gaussian_noise,7.216449660063518e-16,7.669113223860735e-33,1
54,A,gaussian_blur,6.661338147750939e-16,1.7589157070224052e-33,1
54,B,clean,1.2473603859382841e-15,1.8591242494413036e-32,1
54,B,brightness_dark,1.6930901125533637e-15,2.192099481232628e-32,1
54,B,contrast_low,7.532654850040833e-16,1.3505583735015491e-32,1
54,B,gaussian_noise,6.661338147750939e-16,1.951508701461129e-33,1
54,B,gaussian_blur,4.718447854656915e-16,1.5702347577832182e-32,1
55,A,clean,4.599059749384389e-16,4.005482894494735e-32,1
55,A,brightness_dark,1.887379141862766e-15,1.4443872729796648e-31,1
55,A,contrast_low,5.898059818321144e-16,1.2277803395468629e-32,1
55,A,gaussian_noise,4.1439138789364786e-16,8.750944184809503e-33,1
55,A,gaussian_blur,4.887012207057191e-16,3.37459037443101e-32,1
55,B,clean,4.599059749384389e-16,4.005482894494735e-32,1
55,B,brightness_dark,1.4432899320127035e-15,2.4244147807743384e-31,1
55,B,contrast_low,2.2156448745446653e-15,4.7618016021866785e-31,1
55,B,gaussian_noise,1.582067810090848e-15,1.5199950696245543e-31,1
55,B,gaussian_blur,1.949237966216865e-15,3.4898753371958145e-31,1
56,A,clean,1.2212453270876722e-15,4.186490216611754e-32,1
56,A,brightness_dark,1.0685896612017132e-15,4.2671385330329694e-33,1
56,A,contrast_low,7.077671781985373e-16,2.6650055605458376e-32,1
56,A,gaussian_noise,4.163336342344337e-16,4.2129717533470784e-33,1
56,A,gaussian_blur,3.0531133177191805e-16,4.790750736663249e-33,1
56,B,clean,1.2212453270876722e-15,4.186490216611754e-32,1
56,B,brightness_dark,2.1094237467877974e-15,3.236164159678177e-32,1
56,B,contrast_low,9.575673587391975e-16,1.0598633225206007e-32,1
56,B,gaussian_noise,8.881784197001252e-16,6.187049946343995e-33,1
56,B,gaussian_blur,4.0245584642661925e-16,5.711585991323396e-33,1
57,A,clean,3.3306690738754696e-16,7.204181698223504e-33,1
57,A,brightness_dark,4.996003610813204e-16,1.3246786898738457e-32,1
57,A,contrast_low,8.465450562766819e-16,1.3824565882054627e-32,1
57,A,gaussian_noise,6.106226635438361e-16,4.31528678164265e-33,1
57,A,gaussian_blur,8.326672684688674e-16,1.3553731983625172e-32,1
57,B,clean,3.3306690738754696e-16,7.204181698223504e-33,1
57,B,brightness_dark,7.216449660063518e-16,1.497560995037981e-32,1
57,B,contrast_low,3.3306690738754696e-16,1.168949198276909e-32,1
57,B,gaussian_noise,1.2212453270876722e-15,1.615373740854794e-32,1
57,B,gaussian_blur,6.245004513516506e-16,2.195560136601449e-32,1
58,A,clean,1.6653345369377348e-16,1.4700262153643199e-33,1
58,A,brightness_dark,9.298117831235686e-16,3.639405741784255e-32,1
58,A,contrast_low,1.3322676295501878e-15,1.201659914676111e-31,1
58,A,gaussian_noise,5.551115123125783e-16,1.3916348480966832e-32,1
58,A,gaussian_blur,1.3877787807814457e-16,4.1076474595134015e-34,1
58,B,clean,1.6653345369377348e-16,1.4700262153643199e-33,1
58,B,brightness_dark,1.124100812432971e-15,4.1202863747734427e-32,1
58,B,contrast_low,7.576746983477093e-16,2.6475518204248283e-32,1
58,B,gaussian_noise,1.8457457784393227e-15,5.064142510800094e-32,1
58,B,gaussian_blur,1.096345236817342e-15,6.928833901486891e-33,1
59,A,clean,6.661338147750939e-16,9.449093789649876e-33,1
59,A,brightness_dark,4.649058915617843e-16,2.8756541482131915e-32,1
59,A,contrast_low,1.1102230246251565e-15,9.421559009976215e-32,1
59,A,gaussian_noise,1.0824674490095276e-15,8.919463054943386e-33,1
59,A,gaussian_blur,4.440892098500626e-16,1.7923185544953714e-32,1
59,B,clean,6.661338147750939e-16,9.449093789649876e-33,1
59,B,brightness_dark,4.440892098500626e-16,6.513555257228394e-33,1
59,B,contrast_low,2.1094237467877974e-15,1.1092152773455236e-32,1
59,B,gaussian_noise,8.033867843595209e-16,2.1425970631308e-32,1
59,B,gaussian_blur,8.049116928532385e-16,9.611594128707549e-33,1
60,A,clean,1.4432899320127035e-15,1.3734287915911476e-32,1
60,A,brightness_dark,2.220446049250313e-16,3.5524379677330186e-33,1
60,A,contrast_low,5.248071421725856e-16,1.770651842621015e-32,1
60,A,gaussian_noise,0.0,0.0,1
60,A,gaussian_blur,2.220446049250313e-16,3.797693109088581e-33,1
60,B,clean,1.4432899320127035e-15,1.3734287915911476e-32,1
60,B,brightness_dark,1.1102230246251565e-16,2.7399362724446535e-33,1
60,B,contrast_low,1.3322676295501878e-15,5.070010578599398e-32,1
60,B,gaussian_noise,0.0,0.0,1
60,B,gaussian_blur,3.013156845215965e-16,5.169918194464486e-33,1
61,A,clean,1.1587952819525071e-15,3.055006374284253e-32,1
61,A,brightness_dark,2.5056225735235078e-15,1.5264499442037897e-32,1
61,A,contrast_low,6.661338147750939e-16,4.405564747785802e-33,1
61,A,gaussian_noise,1.2212453270876722e-15,5.923739211759803e-33,1
61,A,gaussian_blur,1.0130785099704553e-15,5.857384906644586e-32,1
61,B,clean,1.1587952819525071e-15,3.055006374284253e-32,1
61,B,brightness_dark,6.38378239159465e-16,1.1581158423397308e-32,1
61,B,contrast_low,1.2212453270876722e-15,9.65372384624102e-33,1
61,B,gaussian_noise,5.618440791200519e-16,4.941214013568502e-33,1
61,B,gaussian_blur,6.661338147750939e-16,5.89816045468591e-33,1
62,A,clean,5.730423468577222e-16,1.1459283169104053e-32,1
62,A,brightness_dark,1.1102230246251565e-15,1.5637648368762924e-32,1
62,A,contrast_low,1.370686159344241e-15,1.7244596166111024e-32,1
62,A,gaussian_noise,5.273559366969494e-16,1.4161603622322394e-32,1
62,A,gaussian_blur,3.6657162811202724e-16,2.575931300617928e-33,1
62,B,clean,5.730423468577222e-16,1.1459283169104053e-32,1
62,B,brightness_dark,1.0547118733938987e-15,3.4090464648423127e-32,1
62,B,contrast_low,8.107660716500337e-16,1.130280136112259e-32,1
62,B,gaussian_noise,1.5543122344752192e-15,3.4672757530046455e-32,1
62,B,gaussian_blur,1.0487296117687075e-15,4.628250397605576e-33,1
63,A,clean,1.0547118733938987e-15,7.985387031915577e-32,1
63,A,brightness_dark,2.0539125955565396e-15,1.1165127462754284e-31,1
63,A,contrast_low,9.547019157492772e-16,5.829097810586399e-32,1
63,A,gaussian_noise,1.1102230246251565e-15,5.831956612847599e-32,1
63,A,gaussian_blur,1.2490009027033011e-15,1.2014492660884436e-32,1
63,B,clean,1.0547118733938987e-15,7.985387031915577e-32,1
63,B,brightness_dark,7.771561172376096e-16,2.134321582901011e-32,1
63,B,contrast_low,1.800228154993579e-15,2.4224963739937964e-32,1
63,B,gaussian_noise,5.853289719691198e-16,5.742430963088973e-32,1
63,B,gaussian_blur,5.551115123125783e-16,1.6624687465261382e-32,1
64,A,clean,5.412337245047638e-16,3.009265538105056e-33,1
64,A,brightness_dark,1.124100812432971e-15,1.0472244072605595e-32,1
64,A,contrast_low,4.718447854656915e-16,2.3761160688877522e-32,1
64,A,gaussian_noise,8.465450562766819e-16,5.687511867018556e-33,1
64,A,gaussian_blur,8.465450562766819e-16,1.207618260441559e-31,1
64,B,clean,5.412337245047638e-16,3.009265538105056e-33,1
64,B,brightness_dark,2.6645352591003757e-15,1.9427818314006242e-32,1
64,B,contrast_low,9.992007221626409e-16,1.6805243397547685e-32,1
64,B,gaussian_noise,6.661338147750939e-16,1.5461606334783778e-32,1
64,B,gaussian_blur,1.2861356696313028e-15,5.036908657680243e-32,1
65,A,clean,1.3322676295501878e-15,2.1266855715980694e-32,1
65,A,brightness_dark,1.2212453270876722e-15,8.642986783629984e-33,1
65,A,contrast_low,6.882076512904207e-16,4.337103956793912e-34,1
65,A,gaussian_noise,1.4950618639026505e-16,1.2037062152420224e-33,1
65,A,gaussian_blur,1.7763568394002505e-15,3.229543775494346e-32,1
65,B,clean,1.3322676295501878e-15,2.1266855715980694e-32,1
65,B,brightness_dark,7.771561172376096e-16,6.572612093413705e-33,1
65,B,contrast_low,8.881784197001252e-16,5.971887460369484e-33,1
65,B,gaussian_noise,1.9760715004706082e-16,1.2037062152420224e-33,1
65,B,gaussian_blur,8.881784197001252e-16,6.934852432563102e-33,1
66,A,clean,1.1102230246251565e-15,6.577652613190031e-32,1
66,A,brightness_dark,1.0408340855860843e-15,6.614365652754913e-32,1
66,A,contrast_low,6.661338147750939e-16,1.6936146448455255e-32,1
66,A,gaussian_noise,5.551115123125783e-16,9.161708930760843e-33,1
66,A,gaussian_blur,6.661338147750939e-16,6.747525652816062e-32,1
66,B,clean,1.1102230246251565e-15,6.577652613190031e-32,1
66,B,brightness_dark,1.4641066137244252e-15,7.451091935625024e-32,1
66,B,contrast_low,9.992007221626409e-16,7.738025404683341e-32,1
66,B,gaussian_noise,7.771561172376096e-16,1.1489375824485104e-32,1
66,B,gaussian_blur,1.2212453270876722e-15,2.852783730123593e-33,1
67,A,clean,4.440892098500626e-16,3.480215594818497e-33,1
67,A,brightness_dark,7.216449660063518e-16,2.1487660574839153e-32,1
67,A,contrast_low,7.771561172376096e-16,2.719322803508634e-32,1
67,A,gaussian_noise,5.651125895282598e-16,8.137054015036071e-33,1
67,A,gaussian_blur,6.38378239159465e-16,1.4781512323172035e-32,1
67,B,clean,4.440892098500626e-16,3.480215594818497e-33,1
67,B,brightness_dark,1.321680062278623e-15,1.861080272041072e-32,1
67,B,contrast_low,2.1163626406917047e-15,1.3706753136237814e-31,1
67,B,gaussian_noise,7.15286020506039e-16,1.8344482720288422e-32,1
67,B,gaussian_blur,9.738927221427334e-16,2.0077819670236934e-32,1
68,A,clean,1.1327924769758299e-15,8.353721133779636e-32,1
68,A,brightness_dark,1.3579469069275257e-15,1.0361503100803329e-31,1
68,A,contrast_low,2.1649348980190553e-15,1.1934145271017031e-31,1
68,A,gaussian_noise,8.881784197001252e-16,2.9882006793383206e-32,1
68,A,gaussian_blur,4.163336342344337e-16,2.0703746902162785e-33,1
68,B,clean,1.1327924769758299e-15,8.353721133779636e-32,1
68,B,brightness_dark,7.216449660063518e-16,2.6481536735324493e-33,1
68,B,contrast_low,9.43689570931383e-16,6.663717607579836e-32,1
68,B,gaussian_noise,4.551782736709964e-16,4.459731527471693e-33,1
68,B,gaussian_blur,6.36452396278072e-16,9.033815145391378e-33,1
69,A,clean,6.869504964868156e-16,7.127445427001825e-33,1
69,A,brightness_dark,4.163336342344337e-16,4.1708420358136076e-33,1
69,A,contrast_low,9.645062526431047e-16,5.110936589917627e-32,1
69,A,gaussian_noise,1.3229569166205454e-15,1.0365415146002865e-32,1
69,A,gaussian_blur,1.3910883588727136e-15,7.572816726641373e-33,1
69,B,clean,6.869504964868156e-16,7.127445427001825e-33,1
69,B,brightness_dark,5.057840957403551e-16,2.1922875603287596e-32,1
69,B,contrast_low,1.3600232051658168e-15,2.6255841819966614e-33,1
69,B,gaussian_noise,8.673617379884035e-16,1.0327799326776552e-32,1
69,B,gaussian_blur,6.938893903907228e-16,1.6745058086785584e-32,1
70,A,clean,7.771561172376096e-16,1.9181058539881627e-32,1
70,A,brightness_dark,1.915134717478395e-15,1.6349490131801675e-31,1
70,A,contrast_low,1.3600232051658168e-15,3.696732250285156e-32,1
70,A,gaussian_noise,6.938893903907228e-16,1.7142281137815452e-32,1
70,A,gaussian_blur,3.0531133177191805e-16,1.3806510288825997e-32,1
70,B,clean,7.771561172376096e-16,1.9181058539881627e-32,1
70,B,brightness_dark,7.674506244044975e-16,5.958345765448011e-32,1
70,B,contrast_low,4.917951398914174e-16,1.9898768370719683e-32,1
70,B,gaussian_noise,7.771561172376096e-16,2.3883035943170777e-32,1
70,B,gaussian_blur,3.3306690738754696e-16,1.0226988931250033e-32,1
71,A,clean,9.992007221626409e-16,2.725190871307939e-32,1
71,A,brightness_dark,2.3314683517128287e-15,1.8911729274221225e-32,1
71,A,contrast_low,7.771561172376096e-16,1.0485785767527068e-32,1
71,A,gaussian_noise,4.579669976578771e-16,4.431143504859695e-33,1
71,A,gaussian_blur,6.245004513516506e-16,1.0815300343949571e-32,1
71,B,clean,9.992007221626409e-16,2.725190871307939e-32,1
71,B,brightness_dark,1.7763568394002505e-15,1.1001874807312085e-32,1
71,B,contrast_low,2.362885598149325e-15,2.2635695377626231e-32,1
71,B,gaussian_noise,7.39539214578588e-16,3.875934013079312e-33,1
71,B,gaussian_blur,2.220446049250313e-16,1.205210848011075e-33,1
72,A,clean,1.1102230246251565e-16,1.6851887013388314e-33,1
72,A,brightness_dark,2.999724704578289e-16,1.0245044524478663e-32,1
72,A,contrast_low,1.6653345369377348e-15,9.68983503269828e-33,1
72,A,gaussian_noise,1.1102230246251565e-15,7.181913133241527e-32,1
72,A,gaussian_blur,5.025811053964875e-16,1.2289840457621049e-32,1
72,B,clean,1.1102230246251565e-16,1.6851887013388314e-33,1
72,B,brightness_dark,1.0420200289261695e-15,4.2131222166239837e-32,1
72,B,contrast_low,1.8900594602421545e-15,1.3616926559925378e-31,1
72,B,gaussian_noise,6.045298335600826e-16,2.2846343965293585e-32,1
72,B,gaussian_blur,3.3306690738754696e-16,5.741678646704447e-33,1
73,A,clean,7.771561172376096e-16,1.6472719555587077e-32,1
73,A,brightness_dark,3.885780586188048e-16,2.046300565911438e-33,1
73,A,contrast_low,1.3322676295501878e-15,9.823747349143955e-33,1
73,A,gaussian_noise,1.0133385452945751e-15,5.735660115628237e-33,1
73,A,gaussian_blur,3.885780586188048e-16,7.607423280329582e-33,1
73,B,clean,7.771561172376096e-16,1.6472719555587077e-32,1
73,B,brightness_dark,4.440892098500626e-16,4.4296388720906425e-33,1
73,B,contrast_low,1.7208456881689926e-15,1.7827490900841973e-31,1
73,B,gaussian_noise,5.612934283858817e-16,1.4805586447476876e-32,1
73,B,gaussian_blur,5.632915723373318e-16,6.217142601725046e-33,1
74,A,clean,6.661338147750939e-16,3.3457014252652013e-32,1
74,A,brightness_dark,7.771561172376096e-16,1.6829317521852526e-32,1
74,A,contrast_low,3.7869489783928617e-16,2.1907453117404808e-33,1
74,A,gaussian_noise,4.440892098500626e-16,8.385318421929739e-33,1
74,A,gaussian_blur,9.992007221626409e-16,4.1606105329840505e-32,1
74,B,clean,6.661338147750939e-16,3.3457014252652013e-32,1
74,B,brightness_dark,1.7763568394002505e-15,1.3091508796972236e-31,1
74,B,contrast_low,1.2212453270876722e-15,3.154462600318625e-32,1
74,B,gaussian_noise,6.661338147750939e-16,1.6448645431282236e-32,1
74,B,gaussian_blur,1.2155469199277091e-15,3.330053244467055e-32,1
75,A,clean,4.996003610813204e-16,1.2789378536946488e-32,1
75,A,brightness_dark,7.216449660063518e-16,8.387575371083317e-32,1
75,A,contrast_low,9.5247320466796e-16,5.608067256812582e-32,1
75,A,gaussian_noise,5.273559366969494e-16,6.915292206565419e-33,1
75,A,gaussian_blur,4.440892098500626e-16,9.762057405612802e-33,1
75,B,clean,4.996003610813204e-16,1.2789378536946488e-32,1
75,B,brightness_dark,2.7755575615628914e-16,6.818995709346057e-33,1
75,B,contrast_low,8.735293844698696e-16,5.10672361816428e-32,1
75,B,gaussian_noise,4.4333267674096924e-16,8.60649943898046e-33,1
75,B,gaussian_blur,8.326672684688674e-16,2.1847267806642707e-33,1
76,A,clean,2.809771569648085e-16,1.1375023734037112e-32,1
76,A,brightness_dark,8.326672684688674e-16,1.6520867804196758e-32,1
76,A,contrast_low,9.575673587391975e-16,3.2482012218305975e-32,1
76,A,gaussian_noise,4.996003610813204e-16,1.4060793226795874e-32,1
76,A,gaussian_blur,4.443645024441591e-16,1.0520392321215276e-32,1
76,B,clean,2.809771569648085e-16,1.1375023734037112e-32,1
76,B,brightness_dark,1.3591732614782442e-15,1.0905578310092723e-32,1
76,B,contrast_low,1.1169498850150907e-15,1.1399097858341952e-32,1
76,B,gaussian_noise,3.885780586188048e-16,1.4006626447109983e-32,1
76,B,gaussian_blur,1.444055723490548e-15,2.400942509577119e-32,1
77,A,clean,1.3877787807814457e-15,1.389227435666199e-32,1
77,A,brightness_dark,7.216449660063518e-16,4.941214013568502e-33,1
77,A,contrast_low,2.6645352591003757e-15,4.277806379365552e-31,1
77,A,gaussian_noise,4.440892098500626e-16,1.1526991643711417e-32,1
77,A,gaussian_blur,2.220446049250313e-16,5.0450336746331264e-33,1
77,B,clean,1.3877787807814457e-15,1.389227435666199e-32,1
77,B,brightness_dark,8.881784197001252e-16,8.817148026647814e-33,1
77,B,contrast_low,2.55351295663786e-15,2.8696356171369814e-32,1
77,B,gaussian_noise,4.440892098500626e-16,1.0664837067044319e-32,1
77,B,gaussian_blur,1.887379141862766e-15,2.3895073005323197e-32,1
78,A,clean,6.38378239159465e-16,1.7358948256559016e-32,1
78,A,brightness_dark,7.077671781985373e-16,4.457474578318114e-32,1
78,A,contrast_low,4.440892098500626e-16,1.2037062152420224e-33,1
78,A,gaussian_noise,6.413380820631555e-16,1.7709527691748255e-33,1
78,A,gaussian_blur,1.2212453270876722e-15,2.1119025546421283e-32,1
78,B,clean,6.38378239159465e-16,1.7358948256559016e-32,1
78,B,brightness_dark,1.4155343563970746e-15,2.0462441421825986e-31,1
78,B,contrast_low,1.3600232051658168e-15,6.303959912499377e-32,1
78,B,gaussian_noise,7.91033905045424e-16,2.3076552778958622e-32,1
78,B,gaussian_blur,1.5543122344752192e-15,3.859082126065924e-32,1
79,A,clean,3.608224830031759e-16,5.464826217198782e-33,1
79,A,brightness_dark,5.551115123125783e-16,4.5635511885363175e-33,1
79,A,contrast_low,1.9984014443252818e-15,1.5059869385446753e-32,1
79,A,gaussian_noise,2.1094237467877974e-15,2.4320884078965063e-32,1
79,A,gaussian_blur,2.914335439641036e-15,2.468199594353767e-32,1
79,B,clean,3.608224830031759e-16,5.464826217198782e-33,1
79,B,brightness_dark,9.298117831235686e-16,5.020056770666854e-32,1
79,B,contrast_low,2.7478019859472624e-15,3.125423187875911e-32,1
79,B,gaussian_noise,5.204170427930421e-16,1.5360795939257258e-32,1
79,B,gaussian_blur,1.5994277140458475e-15,1.4807091080245928e-32,1
80,A,clean,1.4481552702150359e-15,6.724655234726463e-32,1
80,A,brightness_dark,1.7763568394002505e-15,1.070429606141272e-31,1
80,A,contrast_low,1.4118005548001376e-15,2.899728272518032e-32,1
80,A,gaussian_noise,1.1115133030353313e-15,2.7548321368582735e-32,1
80,A,gaussian_blur,1.0130785099704553e-15,1.3030119779994893e-32,1
80,B,clean,1.4481552702150359e-15,6.724655234726463e-32,1
80,B,brightness_dark,8.601850760653725e-16,1.1989290062002806e-32,1
80,B,contrast_low,1.0870303928746221e-15,1.6039761476292212e-32,1
80,B,gaussian_noise,8.881784197001252e-16,2.952691345988681e-32,1
80,B,gaussian_blur,8.304451180186202e-16,5.573159776570564e-33,1
81,A,clean,6.661338147750939e-16,2.533801583084457e-33,1
81,A,brightness_dark,6.661338147750939e-16,3.702600318084461e-32,1
81,A,contrast_low,6.698347853141832e-16,1.5413458086174097e-32,1
81,A,gaussian_noise,3.3306690738754696e-16,3.442599775592184e-33,1
81,A,gaussian_blur,1.2212453270876722e-15,1.4661141701647833e-32,1
81,B,clean,6.661338147750939e-16,2.533801583084457e-33,1
81,B,brightness_dark,5.412337245047638e-16,2.621672136797125e-32,1
81,B,contrast_low,1.1102230246251565e-16,4.092601131822876e-34,1
81,B,gaussian_noise,1.033895191682177e-15,5.785613923560781e-32,1
81,B,gaussian_blur,1.4397719795310894e-15,1.0578170219546893e-31,1
82,A,clean,2.220446049250313e-16,2.709843617063603e-33,1
82,A,brightness_dark,8.573125369113575e-16,3.395956159751556e-33,1
82,A,contrast_low,2.2713234704778345e-15,2.8846819448275067e-32,1
82,A,gaussian_noise,2.220446049250313e-16,3.496766555278075e-33,1
82,A,gaussian_blur,1.138963939339125e-15,7.306496726519076e-32,1
82,B,clean,2.220446049250313e-16,2.709843617063603e-33,1
82,B,brightness_dark,8.604228440844963e-16,5.884317833210627e-32,1
82,B,contrast_low,1.9984014443252818e-15,2.9250061030381145e-32,1
82,B,gaussian_noise,9.992007221626409e-16,4.074545538594246e-33,1
82,B,gaussian_blur,1.6758982110016197e-15,4.141351233540178e-32,1
83,A,clean,8.425170224544681e-16,2.1227359105793065e-32,1
83,A,brightness_dark,1.2073675392798577e-15,8.544508568895496e-32,1
83,A,contrast_low,9.575673587391975e-16,4.051976047058458e-33,1
83,A,gaussian_noise,7.216449660063518e-16,8.437980568846577e-33,1
83,A,gaussian_blur,9.575673587391975e-16,4.796769267739459e-33,1
83,B,clean,8.425170224544681e-16,2.1227359105793065e-32,1
83,B,brightness_dark,3.3306690738754696e-16,1.1964839779505703e-32,1
83,B,contrast_low,1.2975731600306517e-15,1.649227978158476e-32,1
83,B,gaussian_noise,3.3615978925643644e-16,3.165747346086519e-33,1
83,B,gaussian_blur,3.677613769070831e-16,4.796769267739459e-33,1
84,A,clean,9.71445146547012e-16,1.6520867804196758e-32,1
84,A,brightness_dark,1.27675647831893e-15,6.38942305378156e-32,1
84,A,contrast_low,1.1657341758564144e-15,1.512193548717017e-32,1
84,A,gaussian_noise,1.2212453270876722e-15,1.2664494017115128e-32,1
84,A,gaussian_blur,1.1657341758564144e-15,1.4089381249407872e-32,1
84,B,clean,9.71445146547012e-16,1.6520867804196758e-32,1
84,B,brightness_dark,1.609823385706477e-15,5.931600917978102e-32,1
84,B,contrast_low,1.6276539558385629e-15,9.679302603314913e-33,1
84,B,gaussian_noise,1.6653345369377348e-15,7.578684794440678e-32,1
84,B,gaussian_blur,5.208476894179316e-16,1.8464853341812624e-32,1
85,A,clean,8.881784197001252e-16,5.436087731309878e-32,1
85,A,brightness_dark,1.3322676295501878e-15,2.4339315830385956e-32,1
85,A,contrast_low,1.1102230246251565e-15,4.018573199585492e-32,1
85,A,gaussian_noise,8.881784197001252e-16,1.923071142126036e-32,1
85,A,gaussian_blur,5.331075523556559e-16,5.90417898576212e-33,1
85,B,clean,8.881784197001252e-16,5.436087731309878e-32,1
85,B,brightness_dark,1.541440587507176e-15,2.4570653118627782e-33,1
85,B,contrast_low,2.1094237467877974e-15,5.646134465869611e-32,1
85,B,gaussian_noise,1.853688569690024e-15,2.4513477073403786e-32,1
85,B,gaussian_blur,1.6653345369377348e-15,3.756315707939636e-32,1
86,A,clean,1.6653345369377348e-15,8.182945314492174e-32,1
86,A,brightness_dark,8.881784197001252e-16,7.345993336706705e-33,1
86,A,contrast_low,8.881784197001252e-16,8.924879732911975e-32,1
86,A,gaussian_noise,3.3306690738754696e-16,1.2187525429325477e-32,1
86,A,gaussian_blur,1.4432899320127035e-15,6.986912726372319e-32,1
86,B,clean,1.6653345369377348e-15,8.182945314492174e-32,1
86,B,brightness_dark,1.8318679906315083e-15,2.5327483401461204e-32,1
86,B,contrast_low,2.7755575615628914e-15,1.0323586355023205e-31,1
86,B,gaussian_noise,6.38378239159465e-16,3.527009673936031e-32,1
86,B,gaussian_blur,9.992007221626409e-16,1.930744769248204e-32,1
87,A,clean,4.3608255921566115e-16,2.6963019221421302e-33,1
87,A,brightness_dark,1.887379141862766e-15,6.784238692380944e-32,1
87,A,contrast_low,1.5681900222830336e-15,5.442256725662994e-33,1
87,A,gaussian_noise,1.4432899320127035e-15,1.4698757520874146e-32,1
87,A,gaussian_blur,1.4014369935149945e-15,1.813533876539012e-32,1
87,B,clean,4.3608255921566115e-16,2.6963019221421302e-33,1
87,B,brightness_dark,1.3385026721923893e-15,1.1706042943228668e-32,1
87,B,contrast_low,2.1510571102112408e-15,2.3726554135189314e-32,1
87,B,gaussian_noise,1.3183898417423734e-15,4.796769267739459e-33,1
87,B,gaussian_blur,1.4432899320127035e-15,1.8597261025489246e-32,1
88,A,clean,1.2212453270876722e-15,2.6025633006301577e-32,1
88,A,brightness_dark,1.4155343563970746e-15,2.1305600009783797e-32,1
88,A,contrast_low,5.2735593669694936e-15,3.4577965665596146e-32,1
88,A,gaussian_noise,2.2620794126737565e-15,1.1874561813362551e-32,1
88,A,gaussian_blur,1.1518563880486e-15,4.658493516263532e-32,1
88,B,clean,1.2212453270876722e-15,2.6025633006301577e-32,1
88,B,brightness_dark,1.942890293094024e-15,3.047934600269706e-32,1
88,B,contrast_low,1.5543122344752192e-15,2.470155616953535e-32,1
88,B,gaussian_noise,7.216449660063518e-16,5.332418533522159e-33,1
88,B,gaussian_blur,1.429412144204889e-15,1.1364491304653744e-32,1
89,A,clean,9.43689570931383e-16,1.2043080683496434e-32,1
89,A,brightness_dark,8.881784197001252e-16,5.3504741267507896e-33,1
89,A,contrast_low,1.1102230246251565e-15,1.2965420570925634e-32,1
89,A,gaussian_noise,8.881784197001252e-16,1.4120978537557975e-32,1
89,A,gaussian_blur,6.106226635438361e-16,6.885199551184368e-33,1
89,B,clean,9.43689570931383e-16,1.2043080683496434e-32,1
89,B,brightness_dark,3.3306690738754696e-16,1.0596376276052429e-33,1
89,B,contrast_low,7.771561172376096e-16,6.124231528236052e-33,1
89,B,gaussian_noise,6.410076658879377e-16,4.564604431474654e-32,1
89,B,gaussian_blur,1.7763568394002505e-15,1.3770399102368736e-32,1
90,A,clean,7.771561172376096e-16,4.8208433920443e-33,1
90,A,brightness_dark,8.881784197001252e-16,2.786730351562187e-32,1
90,A,contrast_low,9.992007221626409e-16,2.0945992777980242e-32,1
90,A,gaussian_noise,1.3322676295501878e-15,1.5840773792585015e-32,1
90,A,gaussian_blur,1.1102230246251565e-15,1.5744477295365653e-32,1
90,B,clean,7.771561172376096e-16,4.8208433920443e-33,1
90,B,brightness_dark,2.220446049250313e-15,9.563445880097868e-33,1
90,B,contrast_low,1.887379141862766e-15,1.01544656317817e-31,1
90,B,gaussian_noise,3.885780586188048e-16,2.2005254247393222e-32,1
90,B,gaussian_blur,1.3327539014491551e-15,1.7935222607106134e-32,1
91,A,clean,1.2667928509520757e-15,1.4643086108419203e-32,1
91,A,brightness_dark,1.2073675392798577e-15,4.4904260359603646e-32,1
91,A,contrast_low,6.661338147750939e-16,2.8774597075360546e-32,1
91,A,gaussian_noise,8.605721169191175e-16,3.019497040934613e-32,1
91,A,gaussian_blur,7.979727989493313e-16,2.941857990051503e-32,1
91,B,clean,1.2667928509520757e-15,1.4643086108419203e-32,1
91,B,brightness_dark,3.702691016893853e-16,1.8055593228630336e-33,1
91,B,contrast_low,1.2073675392798577e-15,6.813579031377468e-32,1
91,B,gaussian_noise,3.597260689518509e-16,5.0796402283213346e-33,1
91,B,gaussian_blur,6.800116025829084e-16,1.9078743511586055e-33,1
92,A,clean,4.440892098500626e-16,1.0363910513233813e-32,1
92,A,brightness_dark,7.771561172376096e-16,4.094406691145739e-32,1
92,A,contrast_low,6.736317613979816e-16,9.247472998596837e-33,1
92,A,gaussian_noise,7.494005416219807e-16,2.629646690473103e-32,1
92,A,gaussian_blur,3.778691371885919e-16,7.583349156024741e-34,1
92,B,clean,4.440892098500626e-16,1.0363910513233813e-32,1
92,B,brightness_dark,1.2212453270876722e-15,1.235860217516675e-31,1
92,B,contrast_low,1.2698175844150228e-15,1.8974171534136904e-31,1
92,B,gaussian_noise,5.551115123125783e-16,2.72609365096937e-32,1
92,B,gaussian_blur,1.5909109664852457e-15,4.7409473920076105e-32,1
93,A,clean,3.3306690738754696e-16,2.4570653118627782e-33,1
93,A,brightness_dark,0.0,0.0,1
93,A,contrast_low,1.1102230246251565e-15,3.1329839675404e-32,1
93,A,gaussian_noise,7.771561172376096e-16,2.2388935603501617e-33,1
93,A,gaussian_blur,0.0,0.0,1
93,B,clean,3.3306690738754696e-16,2.4570653118627782e-33,1
93,B,brightness_dark,0.0,0.0,1
93,B,contrast_low,1.8268314443821518e-15,1.2672393339152654e-32,1
93,B,gaussian_noise,1.4432899320127035e-15,5.5867014714920365e-33,1
93,B,gaussian_blur,0.0,0.0,1
94,A,clean,9.992007221626409e-16,4.522324250664278e-32,1
94,A,brightness_dark,1.3322676295501878e-15,5.176689041925223e-32,1
94,A,contrast_low,1.9096116519548348e-15,2.891452792288243e-32,1
94,A,gaussian_noise,1.5477590699173393e-15,4.0041287250025875e-32,1
94,A,gaussian_blur,7.708624280143636e-16,3.4632132445282037e-32,1
94,B,clean,9.992007221626409e-16,4.522324250664278e-32,1
94,B,brightness_dark,2.527042616025764e-16,2.8260764984729107e-33,1
94,B,contrast_low,1.4502288259166107e-15,1.8115778539392437e-32,1
94,B,gaussian_noise,1.475370282749994e-15,3.592461199389816e-32,1
94,B,gaussian_blur,1.4986313013454486e-15,5.696539663632871e-32,1
95,A,clean,1.070844725025509e-15,6.031771844577774e-32,1
95,A,brightness_dark,1.9984014443252818e-15,2.027763490196711e-31,1
95,A,contrast_low,1.1102230246251565e-15,7.882470150512384e-32,1
95,A,gaussian_noise,3.1165302109383556e-16,1.3072249497528363e-32,1
95,A,gaussian_blur,8.881784197001252e-16,3.0869045889881665e-32,1
95,B,clean,1.070844725025509e-15,6.031771844577774e-32,1
95,B,brightness_dark,6.470226125891674e-16,1.6851887013388314e-32,1
95,B,contrast_low,1.6439571897694525e-15,2.901533831840895e-32,1
95,B,gaussian_noise,1.0824674490095276e-15,3.2993587359783834e-32,1
95,B,gaussian_blur,3.2612801348363973e-16,4.0625084764418256e-33,1
96,A,clean,1.4432899320127035e-15,7.64488863627899e-32,1
96,A,brightness_dark,3.608224830031759e-16,4.202439323963711e-33,1
96,A,contrast_low,4.440892098500626e-16,1.2939841813851741e-33,1
96,A,gaussian_noise,7.771561172376096e-16,1.494551729499876e-32,1
96,A,gaussian_blur,8.204185557491885e-16,2.897320860087548e-32,1
96,B,clean,1.4432899320127035e-15,7.64488863627899e-32,1
96,B,brightness_dark,1.2212453270876722e-15,5.120114849808848e-32,1
96,B,contrast_low,8.881784197001252e-16,1.125465311251291e-32,1
96,B,gaussian_noise,1.9984014443252818e-15,5.771319912254782e-32,1
96,B,gaussian_blur,3.3306690738754696e-16,8.726870060504662e-34,1
97,A,clean,8.330692014105174e-16,1.1074097180226606e-33,1
97,A,brightness_dark,2.0261570199409107e-15,3.1874140579608753e-31,1
97,A,contrast_low,8.951173136040325e-16,5.011028974052539e-32,1
97,A,gaussian_noise,6.38378239159465e-16,4.622231866529366e-33,1
97,A,gaussian_blur,1.5959455978986625e-15,1.3096323621833204e-32,1
97,B,clean,8.330692014105174e-16,1.1074097180226606e-33,1
97,B,brightness_dark,7.771561172376096e-16,3.021904453365097e-32,1
97,B,contrast_low,8.477268739492893e-16,5.1819552566169065e-33,1
97,B,gaussian_noise,4.440892098500626e-16,3.177784408238939e-33,1
97,B,gaussian_blur,1.1102230246251565e-15,6.211124070648836e-33,1
98,A,clean,4.440892098500626e-16,7.830108930149356e-33,1
98,A,brightness_dark,1.1820297257131313e-15,1.5672254922451132e-32,1
98,A,contrast_low,1.5543122344752192e-15,3.105562035324418e-32,1
98,A,gaussian_noise,6.38378239159465e-16,1.0424095823995914e-32,1
98,A,gaussian_blur,6.185542269018211e-16,1.8350501251364632e-32,1
98,B,clean,4.440892098500626e-16,7.830108930149356e-33,1
98,B,brightness_dark,9.43689570931383e-16,5.91019751683833e-32,1
98,B,contrast_low,6.38378239159465e-16,2.2298657637358465e-32,1
98,B,gaussian_noise,3.885780586188048e-16,1.0785207688568521e-32,1
98,B,gaussian_blur,7.771561172376096e-16,1.3198638650128776e-32,1
99,A,clean,6.106226635438361e-16,3.395956159751556e-33,1
99,A,brightness_dark,1.3877787807814457e-15,8.150595709957544e-33,1
99,A,contrast_low,2.0539125955565396e-15,8.60048090790425e-33,1
99,A,gaussian_noise,7.91033905045424e-16,1.4229312096929757e-32,1
99,A,gaussian_blur,1.1657341758564144e-15,6.910778308258261e-33,1
99,B,clean,6.106226635438361e-16,3.395956159751556e-33,1
99,B,brightness_dark,9.43689570931383e-16,3.290932792471689e-32,1
99,B,contrast_low,1.1657341758564144e-15,2.4483384418022736e-32,1
99,B,gaussian_noise,2.0539125955565396e-15,4.7004727705200975e-33,1
99,B,gaussian_blur,1.021538201772194e-15,2.8302142385878052e-33,1
